Compound,n101.cdf.csv,n102.cdf.csv,n104.cdf.csv,n105.CDF.csv,n109.cdf.csv,n111.CDF.csv,n113.cdf.csv,n116.cdf.csv,n117.cdf.csv,n118.cdf.csv,n120.cdf.csv,n121.cdf.csv,n125.cdf.csv,n135.CDF.csv,n14.cdf.csv,n145.cdf.csv,n146.cdf.csv,n151.CDF.csv,n152.CDF.csv,n154.cdf.csv,n160.CDF.csv,n162.cdf.csv,n166.CDF.csv,n168.CDF.csv,n173.CDF.csv,n178.cdf.csv,n183.CDF.csv,n186-2.CDF.csv,n188.CDF.csv,n198.CDF.csv,n199.CDF.csv,n212.CDF.csv,n214.cdf.csv,n216.cdf.csv,n222.CDF.csv,n224.CDF.csv,n229.CDF.csv,n268.cdf.csv,n269.CDF.csv,n270.CDF.csv,n274.cdf.csv,n279.CDF.csv,n31.cdf.csv,n34.cdf.csv,n41.cdf.csv,n49.cdf.csv,n50.cdf.csv,n54.cdf.csv,n55.cdf.csv,n6.cdf.csv,n64.cdf.csv,n67.cdf.csv,n72.cdf.csv,n74.cdf.csv,n80.cdf.csv,n81.cdf.csv,n84.CDF.csv,n86.cdf.csv,n9.cdf.csv,n92.cdf.csv,n97.cdf.csv,x100.cdf.csv,x105.CDF.csv,x106.CDF.csv,x111.CDF.csv,x128-2.CDF.csv,x13.CDF.csv,x133.cdf.csv,x137.CDF.csv,x138.CDF.csv,x14.cdf.csv,x142.CDF.csv,x143.CDF.csv,x146.cdf.csv,x148.CDF.csv,x15.cdf.csv,x150.cdf.csv,x152.cdf.csv,x153.CDF.csv,x157.cdf.csv,x159.CDF.csv,x17.CDF.csv,x171.cdf.csv,x175.cdf.csv,x177.CDF.csv,x18.CDF.csv,x185.cdf.csv,x186.cdf.csv,x187.cdf.csv,x188.CDF.csv,x189.CDF.csv,x190.CDF.csv,x194.cdf.csv,x195.cdf.csv,x196.cdf.csv,x20.CDF.csv,x21.CDF.csv,x210.CDF.csv,x222.cdf.csv,x226.cdf.csv,x227.cdf.csv,x26.cdf.csv,x27.cdf.csv,x35.cdf.csv,x36.CDF.csv,x38.CDF.csv,x40.CDF.csv,x41.cdf.csv,x43.CDF.csv,x44.CDF.csv,x45.CDF.csv,x47.cdf.csv,x49.CDF.csv,x56.CDF.csv,x57.cdf.csv,x59.cdf.csv,x60.cdf.csv,x67.cdf.csv,x68.CDF.csv,x71.cdf.csv,x73.CDF.csv,x82.cdf.csv,x84.cdf.csv,x85.CDF.csv,x86.cdf.csv,x88.cdf.csv,x89.cdf.csv,x90.cdf.csv,x91.CDF.csv,x92.CDF.csv,x93.cdf.csv,x95.cdf.csv,x96.cdf.csv,x97.cdf.csv,x98.CDF.csv,x99.CDF.csv
Fructose,273440.484,235260.296,299034.4119,289260.2732,243931.8644,321416.2223,277126.4302,284724.0337,330469.6661,288841.634,304426.7774,306948.9234,303657.6483,360291.2651,1705164.394,862193.4405,305285.8941,368547.8176,310283.0732,265730.0305,308686.4239,371376.823,577405.2896,340335.0786,296507.7427,299768.9835,241031.423,260078.9931,337449.3473,396079.1564,338067.1467,242359.3426,246727.5015,262144.6756,277374.1576,395874.0662,362475.8359,314705.0455,431287.4231,357115.7442,306464.8635,411998.5387,578094.3829,257855.237,282765.7048,310448.091,303281.442,274333.5578,263037.1728,322222.6216,267746.4689,344575.1112,327076.2228,290904.1739,340784.1307,291353.0903,361682.0533,432766.9151,2763565.932,423638.868,314434.0152,366287.8991,797148.8532,279554.2462,281506.8355,346777.2646,308218.0366,706870.4608,343704.7993,517603.0994,280461.4926,719205.8129,340498.177,402768.0634,412476.4538,401412.2823,256313.591,339437.3818,334967.0477,248093.0216,1007943.047,327713.6625,342843.8348,234835.6897,247423.901,520093.6202,299457.2864,267270.0125,276793.4103,299788.6044,242957.8808,236800.8566,389496.5587,257903.3363,313701.2916,290576.717,285867.5395,270369.3492,284222.6289,284223.5234,493821.4022,294430.1808,383725.8751,280554.6291,230480.7211,304600.7176,358850.3728,228141.3959,326695.872,324292.9176,390116.6284,237151.9068,312789.7284,239101.0515,393768.6369,326866.1529,301524.8132,287398.0329,250250.7401,283474.9826,285669.4942,263887.2436,305293.2081,395421.522,429350.3669,429632.8397,363778.4358,271624.7693,367554.3529,276453.8985,360142.4644,345819.3825,332884.0555,352663.929,265075.4642,309655.5782
Glyceryl Monostearate,424751.8195,239645.3519,302658.7246,328737.0972,254551.8904,237770.3509,368285.713,356943.0602,336964.0085,413426.6334,336264.9014,325092.465,365697.5465,237830.5672,565725.4343,336400.0639,405039.4361,437794.6063,367903.917,434305.8027,357266.8773,379871.8819,279942.2173,273059.2092,512733.602,374450.5909,247338.9852,494334.6116,351702.8996,355103.8604,273927.4917,249079.3315,352483.9503,249596.6684,311053.2973,416359.6196,375148.6753,473077.8917,171713.8096,248696.5648,193166.1241,230505.8895,384415.4558,189206.2433,308032.6904,376629.5014,414475.3553,239017.8216,388129.3027,267066.7593,405892.3759,415812.5198,386081.5979,262115.1823,337014.4005,279188.7828,270790.8438,359260.6343,316947.7731,224950.2825,323507.516,4746772.895,4058542.523,4182455.575,4184483.7,3287296.493,3578134.269,5020002.547,4307506.648,3735789.096,4457287.596,3799008.243,4092527.544,4428722.813,3312835.78,3341471.563,3077440.575,2484958.096,3326433.455,3351029.22,4120167.99,4431683.16,3069844.063,2886004.258,4194802.483,4304529.917,4918593.391,2920611.719,4746961.389,4529810.344,285726.27,3773502.198,4820666.184,2824578.764,5059559.466,4078244.017,3928696.67,3693093.373,3846486.246,4309368.598,3471802.17,2770560.877,4079642.659,4234076.347,3651318.043,3875591.212,4080915.523,2918761.786,3625482.54,3777509.032,3240232.656,1452520.584,4156288.455,3271371.546,3766158.917,3855665.697,3555276.044,4275734.114,3055875.457,4591004.304,3771145.408,2347256.734,2914498.557,5048230.339,5181714.87,4555220.546,4279569.715,3353590.833,3527760.043,3729333.659,5392701.66,4817298.312,4389938.747,3603662.568,3441596.677,3700849.851
Hypoxanthine,351116.7897,306742.5205,320394.3385,332876.6435,330195.4983,324605.0805,268566.0863,390768.3728,317725.5902,353547.6298,384202.2596,333920.1545,411349.1972,864717.99,352743.9628,1147102.884,965452.013,1314222.976,961059.4476,278633.1805,385082.5457,280560.5534,302256.0673,367175.7767,893353.7435,307128.0703,416196.9301,531162.1538,415247.2502,758310.4907,718799.565,313113.6109,312771.7134,282652.486,658423.036,897696.9479,984818.0463,405152.6018,292204.947,351582.6643,297452.0175,307035.6185,343046.1297,310123.9384,368100.1375,319166.403,358959.7692,233766.7322,302772.8725,776677.6001,261512.2353,311874.8022,338932.6077,318109.7993,507158.31,288516.1381,390251.298,427538.5376,658348.0096,387376.6924,303400.9278,323186.1206,339524.9134,255854.6989,363191.3102,324345.6356,324366.9944,311776.0741,293795.5944,282867.0047,290629.5864,360486.7716,292807.5889,217127.4629,350808.7192,221756.2931,248079.339,220753.4738,315863.5335,327194.322,301102.1043,775556.7222,1108621.649,482287.1444,329947.2946,729999.2874,472719.9396,405660.0067,257951.9305,339588.5975,850493.9621,433974.267,300645.0719,254097.7533,649262.7282,1089419.986,299816.7687,315167.2538,340014.0547,249488.6116,342237.1932,589870.1144,897314.5115,265351.8468,417951.6927,255543.6599,267764.1794,225330.4114,277268.7785,342570.4247,278932.3477,223880.2488,261815.6676,300004.6324,265956.8825,270965.3923,336143.0308,300081.7927,285526.174,239380.4047,252939.3872,244709.8391,265522.0627,268846.9284,353293.9,230359.0471,284042.2134,238292.4263,275839.1272,257243.5886,324509.7341,328120.4891,293929.7938,274378.5298,327839.6308,321679.2504
Palmitate glyceride,324484.5109,308918.5656,323522.7595,346371.3485,308920.0115,339396.1695,351937.855,369582.5032,348983.392,297815.58,321534.9194,410502.7571,377703.8303,344600.4406,310374.3456,332718.882,322503.6568,452924.7198,473357.6315,358124.3859,396415.2923,388074.89,332068.6236,291648.2814,413603.3763,320915.418,325100.0072,390936.4151,380015.8109,381612.1831,280240.1823,282232.872,264561.8253,270805.3555,358243.3589,328978.3571,355314.7167,245334.8097,332251.5482,312867.9135,267789.056,318560.1816,301703.4241,310053.4398,323832.3319,359477.6835,296795.724,310022.5473,317335.0739,298132.8394,372854.329,270490.7696,359039.5625,289156.1851,306062.0885,353983.5888,336778.5332,303617.7214,323760.007,282485.4102,364778.8831,6958821.741,6244951.464,6482774.031,6170889.266,4972232.831,5399186.404,714340.7906,6596946.831,5508338.672,6634638.247,6024898.671,6072594.828,6514477.846,5138499.617,4873179.508,4542888.016,3609799.517,5117228.357,5061532.952,6110939.985,6659855.389,4461675.312,4444394.131,6254073.105,6372279.022,7131233.136,4317152.05,7072062.863,6696379.898,356483.0932,5671297.177,7066807.059,4015881.886,7490289.753,6240634.751,5996365.003,5598036.126,5875958.667,6449628.853,5455322.334,4015190.514,5931400.842,5997186.473,5530760.299,5509659.429,5885528.699,4646625.9,5433331.628,5876974.402,5078041.617,2210614.72,6281693.387,4918585.38,5545551.829,5470324.492,5257757.408,6199033.168,4745819.921,6709112.126,5578836.942,3394094.549,4230899.336,7781530.183,7817618.061,7229600.472,6583205.188,4895482.381,5196787.882,5531608.883,2579289.377,7259308.383,6448227.776,5270478.651,5194054.078,5501239.658
Ribitol,400558.6967,312383.7178,358481.0031,431934.5609,375724.5194,347477.0496,291038.3566,389406.4222,343556.6287,414176.0379,417236.7931,367511.7953,448535.7811,1630980.75,401916.6124,1764031.286,1583996.518,2019007.302,1690160.288,476521.612,481690.3822,351030.5055,321247.8136,329905.0009,1849200.795,347265.6491,546232.6392,625604.2091,368005.0082,1296735.485,1228809.713,368227.789,422185.5616,284139.731,1342631.189,1287928.521,125109.3317,529242.0295,357100.1329,455699.5749,302762.8208,541431.8788,383706.8732,305395.1888,380150.1947,305976.4271,374533.1515,254580.8026,303795.445,340079.1134,298713.7985,467021.5345,328105.7094,386025.3712,602796.5682,326319.4342,450025.7687,372579.6052,727590.3948,408603.3159,352359.8365,432156.4334,337634.6613,298579.4653,357380.4159,384784.9652,295107.6277,466922.7401,369139.8837,331288.2492,318123.9052,284350.0893,326638.4018,320874.1769,371447.5162,426071.265,238113.1844,364294.8998,263177.9858,331971.3247,333646.6012,552989.9436,451747.5636,482646.8845,381621.0302,323279.9356,446468.0048,340015.9713,394811.1443,263638.8673,789573.6137,329903.3705,334739.6773,299043.0909,544016.8233,33213.18964,407664.1699,457443.4134,398952.4477,316765.5998,339133.9519,428140.0684,912902.0366,279311.5965,363236.595,324360.7005,466978.0772,203692.0586,331400.1733,387932.2722,297161.8359,212240.1639,352896.9782,329536.1214,240073.5338,373001.7454,344445.9668,328452.8928,372897.4555,391875.8324,313145.6717,211661.2282,317966.5859,397222.4701,287984.5733,212623.5955,205872.7057,302533.4627,322093.2864,314254.8372,324338.0086,308896.5449,382480.1128,371876.8212,335212.2308,352314.6511
9-hexadecenoic acid,323809.6168,328223.9092,285009.667,443075.0031,367625.6578,299042.451,326163.8331,338909.0016,376777.3405,294747.5711,268630.9057,248906.4547,363615.5759,293379.1535,417531.3143,339203.8122,230901.0252,561069.6249,292924.1053,398881.6527,554015.1989,480175.9011,241425.2325,251430.9357,882030.3111,333444.7941,310598.6986,377600.6338,335149.0584,240547.7654,297207.9881,296854.331,342222.0488,296039.7446,331683.9249,330673.0778,355925.1037,383684.9122,480299.2594,348966.2749,294817.2001,424371.1306,462724.163,355446.5132,220967.3323,330468.4521,456451.1809,356765.0232,400068.0047,241009.1975,341336.6776,405652.4131,295397.008,284151.5292,407711.7626,333968.6548,291656.7981,255466.7012,234863.3841,276830.1388,336322.014,339782.4666,429807.9357,652400.7799,235374.7222,272770.0734,324671.0861,367432.1453,442492.8791,362932.4096,286155.2031,303207.5465,353926.0935,296707.285,453422.5698,228110.3692,416328.1113,390076.8243,273480.7728,358877.6248,320307.1698,233444.0444,244683.3606,577883.5439,362160.183,261801.0751,294491.1674,274903.7541,374920.8327,295664.8665,306684.641,249030.8108,361517.0012,345679.166,956938.5931,249918.9628,298369.0577,270220.3174,284587.6988,329131.4007,282976.2196,446478.529,355865.1912,242826.2471,263582.9294,348509.152,290257.0244,604714.2687,292268.5491,532102.33,519480.3821,232951.0078,407467.626,350956.5942,263495.6469,532899.8986,431184.6083,353736.1254,317067.9713,313123.4315,501176.8745,383394.6753,290684.0597,486147.347,380883.0161,269202.6732,297012.8209,347356.9372,298454.5888,262247.0057,626973.0172,409556.5457,291627.033,248539.7493,327853.6159,271279.0967
¦Á-D-galactopyranose,467797.0897,420106.4505,434200.3815,394810.9535,355824.9646,347897.8317,379888.585,507196.327,429159.4075,371857.9725,375711.707,411107.7569,346271.2946,349939.9355,417531.3143,339203.8122,349120.1323,340677.9765,216862.0642,398881.6527,390272.5609,576161.9163,351551.3057,403534.9968,330245.5952,330899.6985,347772.8918,435259.9144,414056.8565,242238.3846,297207.9881,339745.2325,421573.0391,446331.4169,407333.9695,402543.6043,500821.6036,361771.761,363522.4601,430642.0888,347710.138,307133.8067,462724.163,417468.2384,378783.2187,370902.0932,336105.7992,392635.379,437253.9492,316250.7533,326914.0731,389062.0977,380991.5391,408977.8444,355972.5284,383092.0422,405008.2151,485490.7944,406783.7627,623484.6105,554341.1539,273440.7179,342127.132,222075.8824,294961.2689,305728.6157,265330.3111,431652.3214,225180.924,329808.2989,360724.9136,752695.7425,328728.0458,341610.5431,446010.1958,435838.3537,223301.3411,390076.8243,265550.6804,284852.7246,350287.1196,235247.6532,371389.2096,397647.2732,374892.1708,463360.8921,757398.9221,340423.2917,507622.777,324405.064,385493.1781,378794.516,370487.5109,356064.5863,350602.759,266001.402,312992.2419,354956.9312,330425.1175,328162.2083,571522.1154,325185.8501,221004.0656,304373.9486,364324.4851,340109.2167,332274.2406,168497.7753,312687.7752,220498.6334,310729.516,201245.7979,277334.9841,358958.0464,1082273.937,306140.7567,283539.3317,231042.1843,260195.0743,288415.6529,382051.4343,298840.5693,314605.3592,367759.1249,784848.7531,393228.5087,408461.5636,347356.9372,410878.3684,324950.9462,327814.7742,290153.2338,312830.5546,316871.9367,314130.8091,396175.675
Glycerate,579698.2579,458101.7349,525188.7571,3096149.839,399107.0545,386606.353,468462.2395,551205.9781,393795.1573,421162.9293,418085.2303,474258.3685,420204.7702,411492.5486,456090.9583,471263.343,480103.3977,527891.3554,507369.8555,469047.9616,515680.5755,476962.9895,454279.2242,558030.6039,447995.4895,429838.8437,444735.3209,852158.4844,525410.3627,500312.662,414068.2763,375080.1641,565223.8463,744606.1058,487510.7471,423671.5694,703057.2188,651986.9982,445082.113,2255308.378,504779.8085,509093.4567,509986.1324,537338.6208,672864.6417,531849.5807,494980.8302,436548.3869,527187.3649,645882.6252,428068.1746,696446.6758,629224.7344,616523.6171,638571.0172,443029.1425,520645.8312,727944.886,505014.957,597618.2158,739007.9757,493743.6017,469984.4477,432283.7559,457751.42,698034.3606,455141.7559,423546.889,463291.0684,607395.1295,428772.912,682312.1098,443096.4846,606501.9026,421555.9358,856998.0641,439695.0942,451639.4844,478238.0216,522269.9296,581654.2579,487061.768,540044.7921,628755.6338,435180.4643,477352.7945,608660.6751,512677.5055,507066.1603,475718.2476,601456.8805,1957926.169,525650.0375,427831.4119,499565.3945,463289.041,424423.652,403957.5309,513332.1787,791074.5383,598366.2994,631800.6664,648612.5266,491010.3588,570574.4987,432964.9808,628208.3586,344360.5133,437793.4279,446683.8964,430284.0479,454516.7767,613390.934,514498.1617,606708.9924,534217.0499,468134.0689,599959.5111,430199.4347,471230.593,716844.2981,611227.2462,2837268.285,3097303.838,430536.6709,541352.3414,733353.0662,637425.7967,471025.8829,498123.4324,359250.4124,430239.3651,386311.7465,515628.0291,461610.6802,368491.1474
Methylmalonic acid,650328.7524,475337.9805,607130.4095,525095.757,541083.1511,377631.5433,520745.1146,613570.5968,528946.2668,519607.6365,569992.283,553176.7002,506872.526,461653.7888,511039.2493,573240.0341,559793.4134,608791.4415,528452.3913,543677.1187,538648.8303,518738.2433,556235.972,553179.7473,516564.6029,516835.3973,516097.5925,505580.8167,619216.1143,528784.3946,545477.7285,372790.2681,532288.9634,525737.3319,583517.6929,534477.5542,529503.2013,378290.2092,392830.6294,548671.0219,446237.9473,534615.8968,408236.2848,548451.699,510198.487,532722.7254,518859.0617,519362.109,471980.2992,532768.0568,539881.714,565303.8955,527987.4624,527785.1278,519098.192,582895.3148,157514.0919,511636.6683,490490.0314,543116.5713,513455.5703,548324.7509,411185.9989,507915.6631,517092.006,383882.3288,492008.1617,607496.4881,551328.2029,387452.4421,471569.1839,411647.8093,534129.778,530726.9801,402446.929,536022.5451,473679.9914,477142.8907,417806.5543,542778.0916,380561.2752,566603.1189,490806.2383,501542.6921,566344.3722,533739.0242,579271.7862,517692.4303,534201.786,573269.5689,355001.765,387327.215,548177.9057,537376.6015,527206.1615,530955.9884,366746.8359,452170.3692,528678.3102,542106.822,526376.6277,493347.8862,525232.7802,497241.713,428746.6259,522288.1124,574259.1355,516879.7563,343532.554,409100.8249,394312.5144,289770.8732,385715.6707,497872.5245,497320.6699,527718.877,516406.4632,507134.9095,399677.8296,530110.9216,372849.971,384858.8672,536211.2333,576587.496,590302.0316,515713.5765,502997.6684,487955.9392,493257.1865,545661.4811,578349.7706,559370.9956,557196.3629,558902.7125,417421.6805,406456.16
Tryptophan,546248.5216,574022.7062,4478486.685,554520.2997,375036.9061,636341.6808,546375.3623,3752859.574,690310.7674,496543.0734,691763.1516,4038466.31,3961297.852,1080619.335,661266.465,493032.6931,557016.3799,5995305.28,603579.4941,4011135.271,172362.8189,3013631.255,502618.0608,504793.7543,1145958.019,4997377.782,563237.9372,461718.953,6040676.996,383262.2349,936436.1799,438832.3659,3600837.931,1074848.818,1625290.319,897290.2272,495650.4314,3333711.373,839324.4423,1207802.477,411634.4453,1178333.838,452094.3919,1440467.396,647702.1735,620192.9744,523867.7345,620888.3563,463721.4766,668958.6505,997085.4839,4365450.764,540577.9485,3368086.818,3224629.208,614905.9363,4068187.896,1001838.984,585269.7362,1143402.987,768918.4192,595057.884,1409664.558,856254.346,976880.7638,355539.7156,671885.882,664381.9617,487631.6916,883642.3591,475881.8576,1138174.417,443602.7127,894550.8593,693264.3888,413920.004,871913.1513,432959.4369,1447401.198,1198640.469,989095.9989,625849.0114,3340551.1,4154190.828,629773.9776,474902.493,262761.8264,302284.9986,4708914.203,586308.2659,945906.1896,263891.9422,1390537.108,410427.524,4735027.349,578901.5669,1327525.403,397636.0189,3064404.085,3955232.705,3008523.683,271764.5989,572451.056,1535108.289,1085228.349,361646.1915,537339.2275,993098.6315,1347253.53,563471.1403,1269979.849,2079746.709,578193.5169,968691.0986,403846.5241,1027441.407,500337.7466,293383.6366,1058544.852,572448.0925,1085833.983,2533503.031,618799.3324,615018.7514,589010.1949,353070.2899,399097.898,392659.3914,756381.3504,579481.6293,634721.0958,4117793.593,5486259.767,563187.1958,1184658.937,1187679.644
Lactic acid,70738220.95,596629.7859,76670039.19,86803698.13,292116.5023,59667664.39,85072656.75,84226550.22,94985154.01,316888.6592,108684002.1,94840536.19,2219230.97,1334661.328,1154960.478,122037962.3,105390858.3,145074691.5,48084802.34,75548809.49,72364681.31,713913.0667,78554720.18,59805285.2,520215.3292,49789046.87,100012.5575,45895742,88995723.36,111584701.8,96926140.66,46142115.62,52215631.72,54264608.54,89006833.23,132544056.7,726083.5966,57718297.42,67551982.23,121001966.3,98690414.44,76008001.06,84003044.17,49668611.11,76885059.89,80127770.88,81790733.04,92076899.37,70242503.24,7445.348566,275814.8084,789992.7026,107360229.8,84930076.74,122474513.6,82561287.06,95876921.62,82129749.59,109086671.4,304731.4716,329225.1195,102711510.3,100352712.9,669941.528,118089262.1,110783394.1,100690494.7,135276767.5,129245250.4,1277368.146,327116.4755,115213370.6,714861.9572,100308467.2,108341719.4,126974473.2,149932835.1,90017785.15,77406693.95,128377449.3,85597970.82,140946481.7,339485.3856,641774.1201,85680834.48,121309514.1,94227098.52,302456.6326,333897.049,815062.183,86419359.98,1232921.612,106365882.5,655462.8805,89804294.06,95164580.61,1342531.696,84905078.44,74395.50824,7832549.988,87524016.91,99065667.62,126047133.6,86482364.37,81511747.38,799045.1208,136152419.1,97603466.34,117863674.8,1026255.777,1255358.575,49441000.6,101883188.5,88492625.16,108175172.7,108349994.2,133588179.7,109636402.7,89656023.49,98444325.1,1383859.951,782827.7347,109934392.7,118155943.4,1045319.581,79241271.91,104258555.1,66728552.36,93364540.62,559634.1992,135238105.8,121396277.1,128962115.7,112240163.6,89496212.26,111923503.6
Inositol,621921.1297,615640.7958,653741.7091,489920.1791,578012.1015,685185.1301,582055.68,550271.7146,470204.3416,593302.6901,663597.7682,636363.1895,625598.3971,579502.1818,557496.7089,712711.9443,596616.7504,807955.3188,592402.9851,673167.4515,758982.0595,619438.7774,581764.5929,615788.6084,612555.9866,680304.7169,536844.5313,603448.1325,619999.2888,524443.9121,549674.4737,420375.7584,517279.1175,641932.1745,721386.4349,615939.5345,567678.3975,795461.6041,540105.5625,1077297.204,516001.9603,561665.4452,710019.9148,609532.2502,595591.4291,543559.1005,518656.1612,626434.1183,587022.5053,582799.4971,621538.2914,707804.8663,560628.7755,665212.3429,739620.3271,582141.8996,528446.2618,549730.9169,658569.3143,811016.5276,730561.2716,557083.0887,613056.6097,451015.6834,593194.7588,610159.6788,475836.5332,515042.8535,516209.5477,520427.5965,621698.4778,806649.2457,489742.6912,760010.9317,846712.954,628522.2702,533948.8315,428968.3082,742384.3279,497627.6631,442420.7639,559906.6296,613257.7806,487202.9825,445304.3025,661835.3063,983783.1356,680079.7693,773433.1897,530245.788,624978.0143,527204.0265,656431.6958,496046.7915,502999.794,497777.6699,769052.0855,453231.2476,586053.1997,543223.6553,618883.0487,559683.1382,622390.5958,442933.5444,670505.5983,575647.4785,757287.7972,708973.6645,578979.5253,532077.7308,501329.3178,328120.9003,667119.1421,923088.5705,503467.2354,487144.4632,821284.4185,590600.9922,546440.3061,481940.3841,564565.778,463497.443,486581.319,573178.7802,630394.2624,572393.5958,708525.6086,440029.9503,486816.3357,651485.9465,624662.2018,572088.6369,499265.4344,523911.5305,582638.8678,462505.1987
alpha-hydroxyisobutyric acid,771774.1665,643308.2152,248175.7814,3569829.127,3122443.503,1161278.82,1355342.098,244149.8799,1850031.302,1437862.39,1398709.52,1386686.646,1677718.869,890110.3803,3242907.393,3981714.065,1050833.054,1694801.734,3157870.263,902158.2334,1294641.742,1417753.368,967027.5965,1103836.574,3404234.75,1741639.468,1237967.457,3279817.823,1417115.078,935089.0361,4283461.125,971149.5836,1088829.822,1146214.113,3693109.397,2777344.248,3620149.408,997418.4604,1012501.84,707642.6746,2932447.513,1151746.052,3112369.599,889006.5766,2948531.248,1226622.597,684401.4072,1441238.879,1218615.554,2756395.407,1580573.761,1430559.922,2686648.58,1049641.641,1204411.528,1316394.928,816128.2562,851368.8548,1079903.509,1300094.668,1395087.937,3844061.973,1506319.404,693581.2787,1244631.478,3123847.686,938866.2169,3104935.705,1377292.343,1008674.533,1512490.284,604683.5519,1369841.037,2112559.121,1181683.412,2547149.397,2313842.768,1664804.388,1080760.073,825622.5577,1656160.344,887846.5399,1756138.484,2447888.678,1305222.073,1115490.546,435331.7028,845007.5609,1832537.782,3350172.432,1076803.461,816025.298,1685118.961,1158105.767,1877330.031,1589388.789,444330.2134,2616072.805,940752.7533,2065706.135,1489161.191,2131594.2,1494415.463,2126765.436,662195.291,1211495.028,1086510.456,1154203.475,1191736.874,1035406.887,3091700.648,679755.4589,994741.5501,1365760.827,1315953.343,2652752.655,1239223.662,2831844.596,1321354.377,1237949.14,1827844.123,778315.6302,925940.4283,1206192.421,1892940.817,996928.0373,1350426.831,734493.3399,1368746.835,924318.206,1833115.858,1396272.947,1631293.023,1210695.489,959756.156,317140.6631
Arachidonic acid,728652.2948,644745.3066,812411.8082,620905.3186,625453.8956,776277.833,598368.0466,736310.7844,659419.1567,618533.4886,639006.0562,1073093.704,687439.9222,1016427.733,691626.4239,651519.9176,523724.069,1055976.018,884289.3073,527174.3762,680846.233,977772.7078,417132.7359,688064.6838,890011.3845,550320.7694,949344.7161,550115.3272,799151.9653,683478.7086,481294.5253,484465.4949,531056.9746,405845.7743,1122841.828,469023.2634,683182.6094,467831.4391,952504.8629,517611.4494,325962.9218,591392.0645,468783.0288,410597.6661,512869.5132,469551.5648,483700.8255,618123.3512,348913.4756,562335.9015,529393.938,511265.4907,418176.6947,673855.8218,730544.3306,467501.3169,609510.0469,508753.4731,542068.3249,436406.1799,694332.7756,412139.9305,608700.7327,448247.3918,527799.2405,923820.5125,694994.9983,661990.5503,874183.2581,538243.5009,968567.3271,636031.1109,626903.7918,586116.3421,798743.014,1055644.945,750459.5801,462866.3789,393793.6651,462693.3338,652756.2468,851204.9487,835211.3849,468976.5855,1051593.307,666147.704,562879.8086,399118.9083,934149.0415,565968.5392,771883.9247,631976.2024,745229.9603,493812.9982,522976.8685,778475.2772,1019114.601,639854.351,580287.9596,604225.8412,329346.8625,738763.6367,848778.9995,731752.1122,1138511.774,1098334.256,961261.7164,457134.749,738647.4713,657313.7481,1050549,510456.3173,1187548.328,963493.3462,682386.2999,712771.1114,804825.4711,577882.0163,725574.2265,497737.7989,575097.2767,604553.4554,496014.1182,790611.2474,1017743.674,621185.6693,821861.7561,387866.4216,748217.3627,1002005.694,603516.9178,895164.1245,498940.8699,661003.2179,556622.5096,719143.4826
Acetic acid,585988.8722,647326.6788,620939.78,524093.8769,548248.5141,892633.4499,570584.6518,200927.3602,556168.4619,546483.1143,1051496.836,260700.736,37273110.49,537482.9075,514634.7552,664523.3571,493722.7844,699483.2529,1187999.058,98713.04798,19066940.14,783213.5609,905263.9497,957801.3848,529735.05,525348.8972,555063.477,534172.2832,688008.2838,898442.1799,531604.8261,368093.1142,560743.9655,771248.2129,599138.9763,438490.8278,268349.5517,248846.0287,605815.4617,29434278.14,618451.2391,679759.3425,657079.4337,589090.6625,318172.7666,644657.4814,528028.0358,83495.18869,629421.4472,655453.725,671397.8442,659606.1423,624120.9957,587777.1442,809465.3325,599373.7886,528936.0629,718773.1217,653198.1823,34066492.09,348526.5086,524386.6226,921275.9715,458073.5348,1191417.538,721519.582,489055.2087,997061.1736,770541.9637,586052.7816,564849.8814,707434.6008,1107315.28,650120.4738,338666.9396,732661.994,602521.9717,517087.1359,632752.417,833091.7103,488337.0523,1200990.58,878722.632,694101.3508,1184903.077,600219.7814,268666.7318,597365.696,673104.8568,513788.2944,445914.9194,437995.571,592520.0516,580768.1829,1112241.361,649014.1445,382831.7383,670430.9593,480136.229,877841.8006,647758.2073,997716.0118,580908.7999,776848.4573,455480.4004,1066942.063,454653.5924,480635.5237,641747.6654,23343111.45,926512.6953,553519.2994,709587.6825,537291.2379,719242.1468,916224.1354,738886.057,691252.1293,922543.5091,493036.0026,477955.425,745210.4473,510657.7377,595272.7511,671892.3949,568345.2264,719430.8107,605864.1663,530509.2573,481635.0419,481693.6331,545016.1169,488859.7079,1127380.791,20097547.01,453462.6619
Allonic acid,868752.8805,663217.1855,865368.5496,744810.3533,697221.113,733632.1563,645524.97,1196565.66,729560.7824,680949.4586,644913.2874,958200.9484,804819.597,709741.8885,1121516.171,566798.6669,573212.4235,487129.5246,454613.0021,826240.606,590780.7746,1021636.353,752440.5345,789281.6215,593859.3845,822907.0962,569218.8913,750697.8794,810519.9524,529061.7685,648083.7165,694992.784,831402.4694,799897.3723,636767.4689,703489.1397,791260.1974,701875.6742,554542.1816,796695.1264,486390.6415,702298.4218,932880.6677,888531.8293,611729.6326,636607.3132,607888.5568,534021.9009,643120.471,497003.9643,629479.6848,629257.4703,622790.9104,707634.2476,567465.8946,657574.7364,868160.6186,811113.0271,970362.9346,1237266.049,954018.4985,508723.7294,481634.7599,402760.4832,491937.612,486437.3985,427752.8808,951144.0304,451956.1504,459393.0141,593920.5957,1444396.752,535793.2665,470282.3515,956012.0375,659208.0326,252157.4975,470548.5009,467375.7657,573499.6969,440017.355,443599.8333,780543.9887,605214.2956,850148.2797,753833.8783,1547875.206,486924.2261,1005684.284,591943.5235,573454.865,560005.1342,700420.953,698897.2155,551674.2172,329727.4807,627184.5052,648376.574,547647.4261,559524.0139,1351966.353,582592.3556,459690.9388,565852.5951,539209.7047,609361.7604,653405.9586,355141.9743,334195.2278,395591.2779,534092.8295,245786.8793,667766.0134,626982.6001,2170309.626,467675.1854,424459.548,409981.4023,498133.1618,585055.0669,566107.9212,355440.5957,475708.3222,599253.079,1729018.892,618790.6728,589529.6816,537974.7644,753433.693,609097.1459,616018.3121,543978.8188,614539.1604,448706.7313,581817.3627,847227.0872
Aminomalonic acid,676896.0786,773056.8847,683412.9883,597326.1222,492964.7329,523273.3252,631833.1998,458885.7919,416917.3102,501733.9339,510029.7434,671958.5263,597371.5489,609035.9841,158416.02,595618.0469,575127.4515,735190.4157,512060.9566,481726.0558,583213.3821,545448.9913,560313.6718,597157.0224,700229.8934,438333.6242,613492.0312,621380.6505,429813.3661,508847.4708,403304.1144,545888.1386,709441.4759,899519.1279,845281.0092,425627.421,571430.1721,912121.2794,535239.5981,1330674.933,736392.5138,752002.3813,365082.18,795392.705,467459.032,601556.0028,802132.9763,588255.381,622100.0082,796051.0493,620353.2802,808020.2539,727605.9064,736084.4447,526587.9181,747913.036,598491.4372,570482.4202,839589.8567,363607.8934,499637.8799,555543.9368,537960.336,354582.4676,629848.8375,509465.6751,609109.6513,409067.45,442142.6842,599773.4592,420961.945,398957.1581,361940.7599,606508.7679,399863.9184,587149.3088,398212.4828,659945.5698,458128.4138,460675.5005,242557.8749,626480.999,474601.9241,837621.4444,194884.8739,553139.3395,534458.9757,581517.9826,503152.9903,485647.432,661726.2264,1416571.489,570390.9042,505282.0566,664205.882,611583.7305,552679.0226,307528.6449,716148.0785,465540.2749,577576.3576,529070.6929,931743.7418,469978.16,400186.6716,363691.4385,752927.0175,333586.129,428084.9682,489800.0386,625899.9503,460814.0203,666711.347,498988.2461,612266.1788,509289.9886,134451.1759,288015.8868,528673.6607,734178.6772,509228.044,466776.4752,559379.1585,979481.5689,469357.4004,571474.8374,587851.9632,718389.4032,724274.0523,699065.4157,359934.1464,661119.7347,472080.5602,534170.5825,441303.7147,316609.137
Tyrosine,939686.9624,801457.1195,1013161.073,1008750.253,679734.091,845911.5636,898601.8418,894503.9634,1431832.105,877214.5483,1024204.625,1255357.1,1152111.307,874176.6974,1267903.931,717474.0564,1049865.148,972506.78,1077258.034,1081160.284,1318501.797,961520.7905,901341.3017,725216.6267,775322.9364,679588.7888,919733.9226,911539.2908,1005963.391,1046829.799,960621.0789,691940.5568,790358.6091,632033.0327,789005.2098,959605.2899,979719.0876,812789.6899,725814.6947,1018662.315,858080.524,838892.0844,847531.075,636414.4775,928115.1785,1140607.253,1022005.243,1059890.487,904776.5786,932458.4023,826293.0081,934583.4861,943741.4905,1016529.002,1106493.071,1285011.459,1251833.276,1502822.251,1367484.268,1294592.765,1285128.189,910130.6028,835954.7974,735665.9863,820061.2942,792181.0532,878003.1737,1597544.086,940326.4036,780968.1729,910447.4846,1157062.897,889739.7419,674113.4834,1124031.48,859626.0996,810806.3419,889603.6182,853845.482,933804.9995,686226.5672,1062591.444,951374.1956,682561.619,1201468.17,846120.2212,1286724.446,733922.4652,1200722.825,789073.9464,960809.6419,668929.5362,1097825.575,1053553.924,829145.3509,1201337.692,946664.52,780784.9968,662735.2672,841524.8501,1107973.541,699725.0106,1113294.626,637510.6422,918449.7242,686776.1504,1199940.612,609267.713,1008210.557,940817.521,712049.2432,464864.2587,936653.7753,830732.2752,844654.3102,800880.254,1205399.088,851383.4088,998258.2239,918590.1112,1096847.459,487639.5052,1572434.215,1089211.002,977566.6966,726014.7785,885655.1489,725292.8816,1064558.715,1043320.213,1084555.967,937323.2172,1135036.928,1077190.507,932207.204,1458045.57
Glyceric acid,935302.8607,935836.3652,940259.5062,811252.9404,762709.9855,515748.2811,925386.326,948851.2033,909054.1755,893370.545,652470.4141,692335.3132,875195.0471,960433.9546,770298.622,836866.7088,956754.962,700983.9118,711819.4061,781937.7707,962376.1808,704674.0782,742577.7707,676545.0687,906023.5743,949523.6565,864903.4075,856221.0202,1015309.274,600727.9655,991157.1414,633549.4222,845947.987,797045.5132,938822.5001,959777.9024,1108387.568,737934.0218,539624.3702,661678.8902,690423.7824,816808.7684,909864.8639,713666.4886,721867.6806,816850.9058,775256.3453,829472.0995,761108.3661,807110.7264,808586.925,789087.5253,732476.9401,729546.7926,753603.2481,856514.3886,965717.2086,846131.0018,744920.5219,854563.5822,782508.4432,877931.8621,578965.732,765130.7142,678698.9988,595490.9758,751574.8171,800991.1709,894441.4474,555102.5415,885973.2539,627599.5784,616576.1335,792744.7752,855343.7593,711186.3773,671649.2293,748701.6883,695822.0911,702472.649,599026.6783,647340.378,698082.6851,693651.3579,635402.6509,744841.4671,622432.3538,768559.5371,888226.3759,779701.8106,775694.8689,522522.7933,1068350.016,770644.298,645776.9166,826197.7899,625390.5725,775783.1473,815406.3163,595637.3394,751536.1049,653364.2513,746877.8598,692648.8988,610521.8037,749791.6582,802237.0094,594669.7693,505324.6119,718661.9452,495621.2224,335227.3417,699133.0192,797756.971,657539.1732,679540.264,710365.4026,691608.4903,526931.0622,756976.623,664296.9698,525534.1172,842573.174,710492.0771,672114.4256,598110.0686,813654.8581,637660.7134,779371.8352,967315.2452,883543.5098,840739.284,979163.5725,805597.9208,609503.2882,632310.7059
Citrulline,1095632.831,936918.0031,1352031.009,1354126.097,945959.5925,1381497.653,938222.8749,1361398.243,1251223.923,1318970.232,1488333.035,1415679.622,1230731.489,1374083,1407444.941,908678.4159,1424612.261,1289486.984,1346357.054,1227985.224,1053859.442,965810.8718,1761445.469,1109370.894,1421214.169,1234923.735,1259836.415,550369.8638,1055931.949,1370346.893,1475225.186,1067458.089,924878.551,607449.3152,1094968.921,1295005.168,1018302.632,804572.2184,840771.8548,495267.1018,831382.72,1115552.439,1031436.684,565931.1243,895017.8399,1083638.445,1151183.608,892098.9051,1104624.737,814037.9116,1307095.837,1107891.793,827729.229,1068972,968357.1065,1055891.63,1550009.478,1917023.738,1491051.988,1106802.204,963722.4141,1415816.384,1006790.172,1145718.787,1403925.504,799697.2555,1123699.756,1297859.965,1171827.189,1324983.675,781252.4479,934919.646,1182286.196,650977.9635,1544909.925,827321.004,517985.3892,1391901.238,1614331.271,1365475.415,251719.1796,1136569.794,1234533.511,450903.7192,1351514.982,908105.9972,1246023.565,842388.4665,797525.614,1170526.469,606949.1905,400705.5229,957244.8816,897648.2474,1280550.68,1158293.252,1163023.511,930540.2327,2886343.101,505974.8564,1174274.322,554836.2014,899221.0506,700452.1458,1142048.89,1910663.705,1362677.995,916306.0691,929318.7023,1628799.487,1095364.352,374859.0466,1089716.738,976402.2731,826141.4333,918800.8866,889178.6747,1159273.402,1100382.967,1462519.394,592287.6636,481661.5718,1631912.206,620975.3819,1352946.588,797821.7063,768151.9824,649305.8973,1087714.505,1118748.439,1483058.395,1089867.08,1532095.718,815032.953,1129388.795,1668477.402
Glutamate,822770.6002,936918.0031,834376.8662,1087914.637,899226.9273,1199534.441,759290.4847,1399687.044,1425400.221,1160882.497,1104123.539,2064653.581,835675.1206,1139293.033,751319.7553,1117651.798,1384903.055,1182326.626,1546296.454,758716.3891,1080248.811,1932476.581,759250.7436,692875.9399,832458.5509,700206.8762,780030.5286,614367.1857,1151254.038,1278026.42,1243037.16,585999.3835,1002370.532,581306.2286,1037047.842,1331804.253,1109217.484,791042.7864,784844.993,831020.5344,756925.8315,799216.2365,896673.8,571562.4049,766106.6724,1018944.558,1333588.753,1100057.53,968339.2038,927950.0737,942644.982,907340.9536,993485.4193,1042827.903,1207147.988,948846.8047,887342.4771,1742015.749,881079.3105,1188756.469,1327803.305,872703.1181,686365.8669,615623.1898,969743.1076,922426.9529,752500.8106,1422455.815,1043267.453,730072.2369,994434.3384,1206139.303,1342764.476,644161.172,1272623.517,748509.5003,919425.1709,721323.4705,839565.2121,1357080.85,832000.2061,1082910.569,612143.3075,1184066.38,533011.3252,908105.9972,942572.5313,760736.3517,797525.614,988456.2729,728182.7948,1136316.263,1432915.667,670653.6129,1579231.844,756178.36,693222.2064,846566.6598,968386.1019,661026.0568,1378854.75,710530.4648,1256566.509,688134.2266,858223.3758,893720.2409,815485.4598,575367.8383,976378.5988,1119764.507,740699.6643,374859.0466,1307016.822,739053.6969,694887.3279,677698.6062,907455.5039,1116036.827,746017.3656,676101.4063,876246.3832,371657.2262,945783.7408,620975.3819,1219914.856,540962.8686,651314.6095,597915.8321,643283.543,775198.4651,825081.4049,17777.66625,923820.3334,641071.3266,683180.0223,787111.6645
Fumarate,915982.0227,989881.6165,419835.2591,18532.81653,835286.6081,525047.7727,934532.6132,419848.5272,756903.3082,714320.3044,852144.3166,381320.5337,1021897.779,2144646.527,723817.4245,965597.0166,829808.5537,424199.452,629686.2155,488719.1243,902440.2992,575698.6221,722737.2637,760448.7887,732451.4995,1994608.447,692352.9445,911222.298,673169.2029,619195.055,926008.0577,509949.9694,764767.0878,298493.0728,686691.8689,645678.216,734341.2179,673136.4182,671253.525,642437.4264,711464.8844,715795.3937,729919.6594,531674.9716,825636.564,883815.5066,805228.7901,824546.4799,774608.4772,520505.9559,1742816.039,766208.9085,716450.2278,728779.921,780884.1121,2178098.456,444082.7834,493908.7636,1001520.191,1119204.627,836778.5623,773229.8001,764079.0324,568635.8734,684995.576,617948.1916,739182.9224,779302.3271,689966.509,752462.3362,1057936.126,865864.0147,619145.8717,698136.8241,823868.1373,727144.4529,743049.0729,1132270.408,625136.5074,715974.2381,509303.3977,877096.4316,765001.8741,632987.6651,702267.3362,242913.4235,857565.1412,370223.0949,520404.5731,701190.628,894593.6452,502768.6477,448260.2828,853436.8589,978246.3599,849139.5621,741943.1018,1172917.188,485229.786,666060.1991,722386.4802,682791.1775,794718.4886,208855.8022,554267.0299,522735.5613,702591.1441,900937.4852,663123.9115,656916.8767,525134.4708,222541.7108,637896.663,723762.8335,688075.8822,786533.6871,889943.9933,750999.4837,430867.2914,967787.2279,939034.7335,537219.8279,1743013.642,862343.4929,1012771.096,745385.5998,859542.4792,620701.4371,843145.4789,857533.5196,1137345.841,784695.0218,772170.7032,1025756.777,690874.0146,706985.3832
Galactose,1130746.132,1020240.526,949127.2324,983075.8313,891810.6099,1028923.592,1030928.353,1109067.413,1030223.423,849419.1922,788576.6244,901675.1086,1133117.55,756421.1491,814825.589,273565.1836,882683.3974,612117.5396,634334.7555,941766.7582,919579.2362,1240177.646,880225.4675,1089258.442,891805.317,1161067.547,1007146.366,745858.6308,989645.2427,657200.577,684373.0036,735574.0752,977508.8005,995446.3942,807855.3917,1129790.263,677681.7362,874039.6442,749873.9674,844276.6982,678225.6748,922995.997,928136.8862,817675.1697,877482.4016,880914.2838,790624.6169,1053254.461,942450.989,601016.3217,819500.9541,935448.3434,801230.9804,1058111.998,712056.7375,914834.2422,999624.3161,1260114.88,701691.059,1204118.526,1236650.295,854440.257,292811.1741,766062.6013,797157.9967,875843.5917,590527.0816,1025516.161,790033.8639,593273.1851,965730.3766,1859080.907,1071661.226,665888.3616,1154808.287,1038995.445,563423.3649,1058395.855,670100.5484,886684.2795,1007943.047,645083.7331,1114617.181,1572463.335,886809.5016,810428.1714,2639077.614,792461.4176,1077026.914,783988.0978,697131.6279,694351.7528,1118651.633,1141930.08,1030249.131,538436.9415,876860.9597,1315410.345,862622.8911,696892.7411,1679283.762,790610.6305,562229.5922,759896.7408,767761.433,802573.1222,759672.2629,850699.7923,561736.5083,648109.0677,689697.6499,381756.8032,724629.1408,848706.4739,2806207.585,757356.1586,687403.4425,768577.3955,706394.0673,822142.1115,851956.7715,35296437.81,922206.4046,883363.6679,2140561.775,898215.123,856781.6933,652288.3427,864165.2923,635848.3448,858771.1472,691934.5049,953821.7689,713174.722,682080.449,840485.3386
Phenylalanine,1172251.977,1036471.066,1149843.577,1194079.941,852320.3267,989847.2535,1013048.5,1271314.665,1347406.834,992665.8567,1192326.63,1243026.293,1249820.37,1010307.104,1343300.999,982834.7547,1040855.614,1136425.702,1318710.183,1194235.488,1019613.919,934215.9522,1062902.761,1006475.042,898499.419,1044690.611,1157150.602,876218.0527,1095636.891,987769.7525,1138963.852,794560.9226,872850.7408,803607.8316,949989.3352,1200975.353,1014868.264,1019479.317,821767.9124,1059327.443,1126670.25,911965.5846,1031020.818,761774.3464,1105700.318,1221520.685,1428104.834,1026719.067,952355.012,1005418.676,1045170.626,1050060.799,996045.3819,1143236.399,1194222.745,1170563.827,1163284.118,1552300.657,1272167.865,1233985.472,1193687.352,1052290.068,1064735.481,934830.2239,986619.3433,887410.2338,920092.8763,1522718.651,1103176.701,997938.7651,1088885.568,1152121.433,1117439.03,881362.9342,1322200.759,1003045.902,1130944.134,1291439.444,1070000.16,1021911.672,750586.0876,1336900.937,1203027.778,903953.5026,1266500.597,982972.328,1316735.451,906798.6708,1328905.737,957316.0267,1014231.153,677145.379,1160795.54,1154685.184,1180730.337,1254638.38,1117158.661,1136444.281,878455.0813,813499.8305,1097926.146,872981.5342,1122994.769,779494.1075,1053734.281,871679.8,1212749.067,861699.358,1023298.067,1198563.512,845829.9785,653366.6042,1169152.459,973330.9102,1125734.087,849913.1949,1176645.633,1045549.619,1034949.376,1047840.075,1009983.835,805088.7454,1269063.392,995535.1828,1206593.323,848404.3605,895477.6828,775971.9856,1110371.92,1214257.007,1247536.343,1260148.246,1201623.006,1214276.85,1071014.43,1323772.441
"2,3,4-Trihydroxybutyric acid",948269.0079,1058928.256,643541.6942,726786.7117,768345.7129,644444.7855,760879.0254,218112.2578,911978.3985,790295.9248,800958.9817,728015.2944,1086835.621,952167.0759,1190095.31,756469.9971,552486.267,1211779.169,727476.9381,944679.3837,647228.0521,284669.6757,694197.084,736341.4719,585696.2503,792603.101,682478.5346,520558.0943,881616.6396,757259.2364,1017558.487,652369.4009,1137294.489,842786.6642,846562.7931,550640.9605,615610.889,928909.8108,658488.4845,1034607.423,673256.746,792977.8883,723042.8712,1177033.506,1102138.266,690112.1441,828461.7501,866360.8265,872409.9351,943174.1378,957375.7184,813642.9354,634696.6306,991603.5745,664840.5698,590837.3298,820471.4954,1145179.574,1191784.035,931094.8723,903867.1582,787602.5491,770543.399,786388.4549,686806.3814,950287.7278,221920.5402,736201.2114,327050.9007,792678.8218,1188834.072,481772.3663,753752.0866,870247.0817,598641.7147,710494.2299,467091.3476,878236.7918,761024.8075,575644.5825,748992.7033,832286.5494,326766.0962,907430.4582,922153.4084,963583.1006,611359.2787,926539.5502,681627.6322,241888.7949,668294.0576,254188.396,929455.2975,663918.6529,852674.1998,456168.7672,469354.5362,691373.7369,520870.8013,578693.7729,595150.9219,784348.07,964750.1019,628742.8389,664100.2785,163811.8823,1000821.37,731971.6819,841603.5422,795025.4296,540602.8934,195982.5934,958599.9991,668725.3319,618884.442,604437.3334,627683.7737,917156.1027,561138.9267,738106.0037,1244443.882,601930.4099,915224.1241,996717.5955,527137.976,504195.654,1103928.245,724354.9235,812449.4144,620378.538,1188011.711,693269.6462,606460.4316,869256.4299,862163.6796,765153.9101
Lysine,1202409.606,1131174.407,1359063.859,1531620.012,1180746.472,1183540.825,1113520.72,1853072.174,1677989.848,1420175.352,1269191.216,1672823.256,1758563.156,1760420.034,1240134.747,1429034.034,1234241.935,1747131.044,1435386.682,1081346.746,1271026.832,966508.4894,1597773.439,1023853.873,1457506.848,1439552.14,1808972.535,514012.7965,1129420.222,1755618.755,1613079.158,1210727.721,1207732.616,587546.0514,1106578.582,1346147.961,1174344.905,995548.4167,1057946.984,334600.3843,1005186.848,1164275.555,862813.6291,844751.6241,1079503.446,1541676.492,1386835.906,1340735.405,1370478.796,1115830.875,1736911.021,1489313.051,908553.5505,1470415.803,1160916.204,1458701.8,1494926.526,1969648.197,1871067.116,1174316.88,687200.2556,1796830.969,1252142.942,92375.32684,1645765.213,816368.6151,961013.5498,1814502.72,1626845.543,818883.1366,1186235.781,782824.1722,1510794.368,617341.0362,1748548.164,824394.1838,757675.1023,2471921.666,1450730.763,1589096.337,567267.343,1091758.963,1673137.121,876559.2651,2097887.643,939648.8821,1041635.273,1333129.177,1532942.813,963839.333,732380.148,284801.0713,1296724.212,1361516.207,1417707.985,1228762.753,1459265.939,821024.2192,1236591.452,721702.3976,1238867.029,741430.4978,1034970.666,901657.5992,1102048.693,1037051.313,1618064.136,1312347.372,1059051.773,2098220.751,1192867.348,302477.8714,1482261.361,1284298.908,891984.3824,1370921.057,1416025.46,1353804.99,1424693.825,1577039.338,622245.9582,551688.2825,1916705.66,164825.9828,1480312.843,1065307.331,1002507.87,627345.487,1272807.255,1256197.876,1899839.424,1358872.68,1962374.502,1199822.162,1605559.046,1890824.494
Citrate,1102673.941,1151815.463,804921.8789,598862.6632,952947.1349,0,1157089.356,789318.2879,1060317.02,1284730.694,895257.7152,748467.4413,1057798.667,962334.4277,1294719.572,1141044.473,1268545.655,800697.3797,793694.0689,784204.8027,703873.9297,365375.1795,1184942.248,1160500.215,759581.7547,1361917.503,1073176.264,836756.2346,680535.3052,1098962.026,751002.0768,757366.9057,1117346.057,1261764.406,1237907.006,818072.3894,849809.7962,1146342.226,1269746.142,798462.8829,1353003.031,743140.8397,1058175.754,969680.0253,1261711.511,726919.3255,1119141.77,1147209.306,1024876.838,1181428.559,931402.1428,1150093.323,856748.6268,890462.4525,765700.8831,875239.9697,953830.1798,919118.9311,1295850.141,830631.3806,785600.2099,1025046.882,795678.8469,963786.4047,1047547.736,0,1000114.437,1006305.08,875616.7396,1220433.797,1143251.929,811771.0165,0,895981.627,1548116.598,831911.4212,714540.3694,937464.2018,655385.5698,867425.1348,0,0,1335631.479,1025077.843,1025505.447,1450021.929,467385.5581,860487.4263,756530.3987,482772.0971,630194.0341,545807.1182,542798.2848,765743.6796,0,0,864843.802,905550.2947,1149253.955,525966.0495,816969.9608,1008669.759,734025.1772,1118740.931,541193.8302,582958.2082,730635.69,760403.0001,0,705375.3681,959761.7995,570214.4339,770943.072,1282209.403,836653.4962,1409291.352,1057563.197,732743.6758,815687.9074,1168139.859,793948.5446,1013613.155,1295324.763,1229766.418,884513.167,1063395.75,938734.3911,985448.039,522897.365,659864.4209,1442152.357,766496.9965,1073614.703,653809.3646,901734.2685,1111259.326
Ornithine,1123408.729,1180490.311,845531.3204,254671.2929,960804.2708,1180343.804,1161912.638,727151.6911,1076229.738,1311806.435,804854.6457,646605.4752,1105505.612,958270.5525,1321737.546,1150593.574,1268341.623,450145.8919,801990.6773,780261.9534,1238677.245,847907.8401,1177861.365,1189932.862,1325232.031,1376320.109,1101633.999,716916.4477,529296.4543,1088246.242,783500.3771,795110.1072,1139328.109,1301305.109,544059.3352,490384.6968,980062.9775,1330227.25,962896.3272,1473148.13,527196.1361,276247.3268,1544211.152,1304841.348,877247.5769,1146346.113,1148821.311,1056099.333,1188616.419,640793.8753,1157028.642,899577.7068,529956.1878,733989.4201,640086.7348,965360.1803,1242348.046,707647.9399,429149.8622,838935.5764,1445842.664,1027675.342,1383616.464,987966.7996,1083794.312,1315330.598,1040760.284,1024826.734,914687.721,1091046.282,1155325.087,1074136.284,975456.6485,675522.5565,681207.9526,1193258.744,771628.7032,932801.275,427512.3672,880798.7665,914781.1141,1098342.158,1108621.649,1036997.421,1047245.929,1447358.36,689650.914,925365.0501,783009.1404,908659.9106,868607.6958,1758839.986,724970.2786,838057.575,1362260.084,1073228.632,848804.9968,923741.7044,1160374.036,1159096.581,915689.7072,1080406.754,848230.8263,1162332.145,1345208.743,1458444.438,675991.223,776513.0422,1100499.732,480201.4502,1014461.75,578035.1351,677134.3382,566316.5711,771197.7206,611500.0544,1086866.002,1323799.952,882247.4389,1175809.336,1108715.771,1035321.706,485168.934,1127622.342,751400.7988,1089440.519,910511.5621,989897.4259,722543.9393,652521.5667,1486862.047,769997.6608,1063186.805,478117.1414,940597.1623,1138457.995
Isoleucine,1142675.4,1407683.445,1421557.52,1284228.164,1051519.471,1106763.292,1204554.478,1525449.5,1617353.235,1320472.237,1762291.976,1454232.182,1352903.178,1268984.688,1417775.337,982466.5043,1469599.464,1620897.995,1678632.551,1188399.567,1222546.994,1818774.737,1560478.879,973225.2918,1077452.338,1079750.106,1272655.67,892784.5593,1536373.917,1244061.661,1265890.916,1115626.576,1098270.898,881161.84,1266759.669,1246176.833,1055004.397,954383.6345,1031899.157,1084116,1136157.521,841662.9215,1155168.021,844715.3933,1327000.829,1477482.687,1658569.231,1221922.873,1221784.316,1407997.377,1063965.195,1027785.794,1278097.9,1301861.206,1483395.743,1453997.449,1439721.273,2697947.228,1580999.703,1598591.736,1926385.405,1186568.131,1009466.185,1054440.188,1168136.428,861624.3773,1033908.878,1113384.128,1245820.844,945299.1246,1320256.11,1292477.458,1089537.846,817852.846,1186410.556,1413982.008,1250494.136,2977786.127,905472.3088,1235202.381,1057008.993,1523345.501,1318326.189,1160242.884,1295134.049,1043954.725,1412091.649,993182.4429,1438315.617,1287178.534,1245327.298,938850.1946,1525277.49,1237597.427,1433081.174,1115413.681,989902.7833,1549492.084,953472.3577,925691.1269,1213406.176,977998.0408,1767806.076,869516.8603,1046565.109,981541.6848,1618595.902,923845.7089,1206166.52,1204449.737,756219.5809,628311.1864,1393155.917,849934.4893,1199108.677,977439.6499,1232650.536,1033374.47,1076357.718,1248187.378,1071678.009,633439.5332,1741068.322,805288.0703,1412292.604,1138703.026,928310.3234,980405.1066,1084788.082,1178277.746,1089714.777,1352884.451,1347138.674,1216409.698,1157212.122,1583510.468
¦Â-Hydroxyisobutyric acid,1301239.68,1426151.494,745396.8054,1352557.321,1208143.949,826860.2721,607613.5623,1142948.204,1184948.792,604620.5738,665514.7918,989549.0762,1186761.75,432967.8396,814709.7466,711393.8107,680102.2909,1244336.508,55838.53166,639073.7435,3275025.769,1601279.313,460027.7465,103806.3348,3088721.274,2788518.997,730573.6073,198045.3435,785042.4585,442045.8184,968932.3919,618142.8315,878015.4376,348542.3434,885925.796,949908.267,508985.9205,1746029.87,1125140.914,508205.7624,903353.2746,1186384.638,592998.3812,308043.6203,529047.3597,1099701.06,1194887.136,1049688.731,365038.5276,783130.4614,1000433.618,571391.4485,776485.4008,528403.8953,618886.417,1004045.927,1125069.905,1110596.953,544670.8476,155613.0097,1026376.457,934725.0881,1065003.116,4499108.312,462880.888,422981.491,960820.5542,961053.3801,422521.1649,915682.0921,983500.7105,1378782.736,607114.1921,342284.0531,1358830.126,449562.2237,3603998.543,489394.5043,739429.3652,729422.7119,1540878.029,489044.194,860639.6433,371288.5804,628389.1158,1081449.597,3096789.672,581389.583,1055640.252,449117.7743,1305341.77,608029.266,998584.8956,3231753.028,7364018.096,1330508.529,1130086.154,3630575.758,630303.1167,911367.0764,895225.7124,866039.6706,1389540.177,822353.9051,915773.3357,282239.9713,803797.4791,1558819.9,1063578.122,2011000.692,711470.7781,564472.5318,212540.4943,1140560.508,537921.8278,352689.2609,1001857.562,537869.1804,1569746.564,920398.3971,1284762.767,482692.3144,1199374.454,1228415.172,1015051.236,570286.5744,524456.4761,398083.9815,1211599.807,1016827.263,819004.3587,1195351.616,868372.3658,441202.2549,110646.6342,1080260.288
N-acetylglycine,1510866.203,1426199.258,1383800.285,1220486.806,1313346.222,1036640.829,1622878.554,1362853.594,1310873.813,1411533.444,1148083.558,1205179.259,1375287.802,1239155.564,1141835.15,1472696.646,1403197.355,1442887.996,1106427.055,1184670.153,1253076.129,1016966.462,1402103.853,1187108.746,1010759.325,1132179.594,1341804.903,1189674.808,1405646.374,1135189.878,1090487.969,1061764.787,1241566.989,1401811.284,1252722.565,1280773.805,1348028.05,1278607.08,1072856.71,1223866.448,1165110.964,1171722.455,1139669.972,1256661.015,1206953.723,1223942.439,1275708.812,1422278.808,1268643.657,1170431.081,1349345.44,1179706.645,1312454.22,1350695.33,1315331.132,1364461.326,1302326.668,1390793.93,1161515.565,1250920.54,1152837.45,1353277.447,1100083.745,949685.858,1102851.222,1074302.929,1394435.9,1505088.761,1332618.173,1050534.318,1413275.786,1058073.481,1085535.343,1097995.553,1175566.172,1422045.376,1083300.741,1361058.44,1168745.158,1327902.757,1147173.813,1206555.352,1890342.086,1349567.049,1201866.95,1230470.609,1228039.09,1214909.121,1333564.354,1204606.607,1204875.808,952741.5068,1546625.948,1513948.745,1131540.365,1428357.514,1105654.867,1040490.877,1278074.926,1237253.942,1115039.867,1064818.449,1454665.963,1262914.763,1142306.308,1043694.928,1372170.863,1415934.983,1024001.741,1280532.57,1007148.181,662452.219,1062870.188,1451147.15,1315953.343,1121258.012,1344812.868,1167737.239,1085016.857,1263471.11,1108910.168,856986.0854,1141088.85,1431776.233,1487616.841,1285643.852,1360272.721,1415846.182,1303936.333,1427365.667,1451374.216,1363736.531,1537703.222,1463983.422,1171669.673,1131141.062
Serine,2134313.012,1974753.839,1418499.687,2460823.521,1611142.544,1569026.418,205979.2562,2359892.473,1778842.214,1785228.43,1889399.518,1780486.924,1992090.668,2144646.527,2634441.334,25972.64186,2222344.978,2430928.543,1978114.878,2398272.772,186209.0834,518743.7828,2133542.117,2123128.174,2440297.763,1994608.447,1577400.686,2076318.611,2096616.02,2410827.836,2972672.301,2092113.461,129416.1788,1905131.875,2200020.424,1865278.365,2616692.329,1635440.049,1373442.033,2628702.892,1819330.873,2326393.134,2017653.856,1275216.43,1113056.802,1747810.287,1937869.094,102435.8476,1858480.775,1180395.659,1742816.039,963116.0844,2019702.963,664780.9487,1864978.14,2178098.456,2702111.12,2996240.759,586720.3166,2253670.399,501695.0931,2110644.072,2102136.768,2399430.356,140440.5292,2554446.014,1801364.631,1854104.806,2015366.756,2001604.543,1721263.036,790565.1186,1904642.974,702937.7503,1843322.353,2182070.044,1340708.666,2107047.969,2084163.591,2180735.192,1371132.8,1827576.678,1578585.232,133998.4322,2281377.07,17235.13569,1967171.312,1869320.908,1609888.631,1788834.223,1440782.464,1670619.957,1071972.612,260182.3028,2480378.783,1813883.832,1610123.658,1258556.211,2522141.242,1804430.216,460412.4384,1900237.896,1834392.68,1431926.057,2293992.801,1686502.988,1307970.979,1833356.342,1607110.079,2221285.821,1477065.714,793664.1114,1630327.067,2146834.466,2008585.367,2288466.375,1834145.664,1925955.1,2048918.199,1945461.81,1700132.184,1329337.053,1743013.642,1866681.941,1751955.087,1745550.938,2090439.37,1810113.982,1876175.559,2556469.827,2208293.632,1657569.091,1922383.587,2302886.618,1630584.312,1582775.859
Phosphoric acid,5142135.586,2053647.316,3762492.045,3699625.592,2637739.252,1955411.501,2653111.805,3263857.731,2575466.019,2442772.684,2846800.92,410529.4294,3059202.143,3070109.886,2887604.495,2741720.295,2514920.56,3433502.624,3191440.787,3067209.229,3249016.655,5822779.496,2288299.466,623432.1058,1977416.594,3580122.641,2189548.284,3560272.238,2493049.276,2108854.756,1905072.001,1751532.242,2438769.04,1463718.483,2036341.208,2535231.594,2316853.349,2024268.873,2272549.711,2082143.88,1905403.852,2147863.206,1657850.216,1400481.615,2434990.104,2772843.77,2802246.223,2464033.875,2047490.437,2585251.771,2578550.238,4817459.32,2671203.538,1616980.417,2514776.456,2423118.135,3103850.51,2569130.453,2673050.439,3041322.869,2835467.783,2359935.151,1836670.539,2112177.873,2537216.97,2307916.937,3393431.761,2173791.956,2273324.019,2497706.014,2718581.813,2087793.411,1860995.713,2396720.995,2505422.985,2376007.41,1241124.609,4082675.06,1842844.074,2355599.722,1354036.843,3205437.187,2678037.264,1861074.112,411712.6382,2462145.886,3430821.56,1886267.784,4396823.446,1181897.836,2171912.202,1626050.042,1599571.835,2384404.542,3149707.302,1858602.813,1924436.649,2958254.529,1614868.912,1352231.481,4312926.676,1294436.778,2795935.642,1339928.088,2042780.222,2327455.845,1052735.652,3907221.355,2297175.378,2676161.633,1564769.542,1254447.824,2555827.691,2606534.28,2186515.111,1935255.578,2355221.83,2050574.012,2335768.867,2143563.242,1954473.216,829677.8706,1740277.097,1030333.093,2596788.771,1984920.32,1772612.147,1940757.984,1791111.409,1006041.236,3229004.175,2973310.797,3170623.039,2642860.445,2436351.58,2742014.389
Proline,2715714.108,2180483.368,4420972,3096149.839,2357935.371,3423603.524,2602686.031,3349089.525,2677167.619,3719434.664,4476547.245,3500626.664,3296395.956,3099328.588,2224636.199,2468581.231,5003240.058,2290652.056,2360159.359,2944814.575,2453457.913,2894603.652,5372780.205,3594422.851,2062343.009,1937868.583,3309222.372,2442887.385,4004024.819,8829165.964,3506154.535,2624420.975,3153444.935,1905792.28,2677935.808,2710372.526,2492099.205,1996461.515,2405820.447,2659727.594,2126891.105,1953671.09,2865693.858,2972596.769,4414474.138,2206287.329,2942178.804,2847647.738,2017895.552,3239070.009,2825898.397,1638618.143,2603885.843,3313670.314,3325011.734,2828839.939,4039441.998,5251477.493,4098574.718,3432389.501,4840965.227,2544814.487,2170820.148,2149659.855,3130439.011,3550162.607,2225451.243,3754662.165,2945540.878,3643751.718,2229627.246,2841372.483,3031947.444,2036956.17,3075935.549,4042347.761,1674240.453,3309919.669,4942299.203,2797714.022,1103573.09,3461813.955,2515218.976,1658176.982,2313024.448,2829560.643,2958050.502,2124464.311,3470213.932,5272610.2,3079975.925,2951581.725,3490924.549,3895235.912,2645519.781,2571001.187,3072831.226,2188366.249,5931560.208,1448732.031,2135024.733,1179996.959,3002249.36,2133368.35,1996373.934,2555507.69,4246132.317,1876433.6,2424004.372,2689319.612,2543869.629,906910.6667,2624371.689,2583375.206,1832377.598,2031850.241,2734108.545,2259543.381,2836271.056,2356393.856,2929618.895,1503752.834,2837268.285,841750.359,3085690.979,5339954.307,2483127.812,1845352.546,3091542.76,3318737.917,2667896.459,2124787.001,2978513.14,2567467.665,2287730.515,3426907.777
2-aminobutyric acid,2623078.037,2418973.918,2587101.306,2373801.33,2241925.419,1815348.054,2399880.112,2630589.539,2235162.753,2301736.223,2424891.307,2419121.293,2379461.99,2024480.63,2325123.139,2545724.181,2567505.929,2685767.399,2319812.541,2453426.02,2466309.63,2212390.243,2296845.229,2253543.85,2231932.271,2381994.686,2158618.495,2262674.533,2576934.098,2187373.962,2319080.964,1655318.942,2392975.444,2290925.561,2359966.949,2233492.642,2296530.078,2501417.485,1602362.107,1991182.003,2241430.658,1917195.202,2316627.71,2178370.445,2266767.822,2283850.505,2341295.066,2275591.008,2273515.062,2317666.7,2529425.239,2221935.419,2213240.213,2288794.867,2407633.642,2276732.903,2396436.767,2412843.821,2287353.32,2431899.261,2259760.121,2476613.511,1963107.635,2071370.543,2209078.231,1892925.367,2105007.141,2564548.667,2204352.035,1840796.407,2325719.713,1929234.125,2139372.201,2179569.596,2088015.564,2371284.631,2102013.401,9159058.771,1768036.149,2263144.072,1884549.061,2388039.654,2279200.735,2277457.585,2337942.532,2271218.101,2137257.925,2237089.029,2373401.833,2228320.261,1964496.102,1552271.769,2561282.384,2168904.694,2391056.793,2293460.648,1691429.196,2276599.21,2263345.951,2226430.126,2369240.772,2372570.482,2253343.104,2244237.394,1842559.073,2174254.077,2486588.012,2214883.455,1757550.285,2088198.474,1797321.095,950579.1889,1786197.593,2227990.847,2183834.154,2228327.272,2363862.227,2194267.585,1920012.63,2333451.037,1751009.347,1460444.858,2310262.638,2059794.633,2588129.671,2118072.329,2268391.488,2023126.12,2218430.132,2340733.952,2487470.636,2378912.788,2432527.579,2477992.672,1774610.745,1832726.411
Leucine,1934611.135,2424610.437,2604781.003,2371016.279,2637739.252,1955411.501,1815112.7,3263857.731,2874458.955,2337873.409,2602798.969,2615540.446,3059202.143,3070109.886,2887604.495,1695001.835,2514920.56,2516069.455,3191440.787,3067209.229,2337654.801,2752448.343,2288299.466,1425085.095,1977416.594,3580122.641,2189548.284,3560272.238,2470001.687,2108854.756,1905072.001,1751532.242,2438769.04,1463718.483,2036341.208,2535231.594,2316853.349,1677135.019,2272549.711,2082143.88,2081876.775,1811225.61,1657850.216,1400481.615,2434990.104,2772843.77,3076202.186,2464033.875,2047490.437,2585251.771,1893104.238,2038595.894,2671203.538,1616980.417,3064129.678,2624450.866,3103850.51,4206576.412,2673050.439,965618,2835467.783,2087319.551,1836670.539,2005133.006,2537216.97,2307916.937,3393431.761,3025406.561,2273324.019,2497706.014,1925500.093,2087793.411,1860995.713,1595659.613,2505422.985,2376007.41,2678864.261,3368245.896,1842844.074,2420988.642,1354036.843,3205437.187,2678037.264,1861074.112,2071909.489,1925971.371,3430821.56,1886267.784,2514697.451,1181897.836,2171912.202,1626050.042,1599571.835,2390628.266,2390438.138,1858602.813,1924436.649,2958254.529,3275075.462,1349346.447,1816004.966,1294436.778,2795935.642,1339928.088,1783684.41,2124762.132,2353081.491,3907221.355,2297175.378,2676161.633,1564769.542,1254447.824,2555827.691,1611825.726,2186515.111,1935255.578,2355221.83,2050574.012,2335768.867,2143563.242,1954473.216,829677.8706,3465748.201,1030333.093,2536567.777,1984920.32,1772612.147,969726.6794,2149905.996,1308460.81,2085928.959,2973310.797,3170623.039,2434081.636,2423870.168,2742014.389
Uric acid,1355910.988,2569731.757,2878551.748,938709.701,1389351.434,5714621.114,4097431.895,3907749.3,2539908.462,1725898.213,2355675.389,2296578.319,4693551.894,2171381.052,2664973.269,2099947.857,3208011.568,3509226.464,3061660.018,2455075.517,2833306.373,3703072.896,2687759.534,1536563.272,1429017.827,3464936.437,2181074.196,4448186.81,2128106.194,2959092.201,1951942.444,1137481.124,4815825.248,1436442.002,1005388.015,1725637.493,1835824.773,2136378.016,2830919.914,1602997.518,2815110.471,3122663.481,3341826.978,1475734.681,1524194.489,2333076.136,3545384.985,4147048.51,2115307.351,2953213.415,2556184.043,1508499.385,1534095.476,2202911.302,2679311.855,2800224.546,2120405.36,3494424.219,3082592.215,1813724.598,2590996.962,1472905.053,3683776.139,1283198.852,1943689.762,2073659.525,2598733.004,1064171.309,1845646.701,2791351.988,3214161.637,3550586.267,883745.6875,2319121.269,2116513.6,1932946.352,633584.7613,846293.1979,757872.3989,3360628.359,298557.8642,3853982.184,1704045.482,566043.7522,761475.8956,2855719.593,3127681.481,1270833.457,5123694.347,2580815.371,2466698.895,2358274.361,4393835.858,2162415.478,2278213.738,1265513.451,2299461.719,1050077.012,1889601.344,1591592.226,1239403.665,1584641.641,3527222.658,1475539.224,2289566.497,1304537.639,2162590.576,993946.798,3178999.313,2217093.146,1529550.392,784031.3082,2995236.251,2544557.916,352765.0043,1954315.147,4079481.711,2659222.171,845424.5707,1482525.062,1671560.489,1013590.986,3112759.368,2234154.562,3036741.488,1575253.741,2055930.946,1423842.879,1721470.316,578446.1611,1492439.671,1847946.011,2096569.772,3370764.945,2348057.619,2763040.963
Glycerin,1614619.951,2600216.169,1418395.943,1661194.898,1467149.208,1369811.556,1622732.855,1574371.942,1881549.72,1568438.646,1448457.654,4412595.74,2132488.19,1635152.369,835672.1502,1433009.876,1352940.567,2403987.92,1565565.319,1557675.631,2188520.836,5822779.496,1902501.812,3599984.672,3978901.673,1885820.673,2175690.588,2602912.945,2586496.299,3447140.266,2776818.453,2977980.942,2438470.917,2831382.735,3510675.711,1900698.635,2530009.31,2997920.681,2111517.671,4308171.263,1330007.437,2124479.919,1406358.066,2277888.454,3524933.77,2819456.405,2166375.104,1754714.559,2504434.077,1138069.024,2672225.173,4817459.32,3428805.387,2392858.626,1482075.482,1829724.097,1454918.267,1272491.195,830523.2486,3041322.869,4156645.831,1270575.549,4191313.862,2148140.162,1062806.694,994045.9425,1634924.303,2226592.458,4513916.083,1713823.049,1176452.988,1308266.651,1020062.771,1434520.237,2117349.555,3273701.247,1666989.063,1347527.82,918576.9566,1246988.277,1919835.415,1119157.021,808697.2993,1368625.811,3996614.561,1675252.982,2698887.151,2368873.106,1073012.927,2705123.792,2432974.311,2826604.164,4926579.262,1715994.832,2244552.707,1463218.065,3163580.901,3988021.669,1614868.912,2299207.91,4312926.676,1953604.082,2956383.107,1776939.827,1028451.471,2022803.667,3204077.624,2240729.588,1263674.626,1134621.708,2699630.916,824085.0416,1583738.347,1912722.294,3350934.832,2638755.486,1375154.868,3831337.343,2078493.657,2506661.773,5452769.753,1799691.499,1656056.341,1700693.273,2473927.149,1020233.305,4097714.557,1189506.051,1159144.271,2920214.885,2566000.381,1524366.067,1406871.005,1310254.234,1466483.778,1137554.266
Threonine,2750004.861,2631377.572,3055362.088,2941847.319,2042051.103,2006388.579,2622244.856,3155079.351,2601765.191,2253036.21,2515486.9,2718042.442,2537093.998,2477579.776,3383096.05,2437047.997,2621534.918,3026148.188,2440043.333,3054049.463,2484467.347,1822447.571,3021465.862,2907170.164,2968188.152,2632969.446,2886338.1,2370853.308,2889950.16,2855691.189,2915644.435,2515475.178,2589599.658,2141777.375,2945264.55,2444821.255,2822253.31,2484201.003,1935577.545,3682265.246,2300988.343,2284858.208,3062537.304,2154250.766,3171287.479,3114475.956,2430193.602,2095410.835,2757820.768,2838782.211,2267991.593,2728616.414,2444071.348,3019746.176,2387392.768,3189250.555,3721073.709,4634430.071,3106550.704,2557537.995,2622662.888,2740206.418,2483183.656,2751766.467,2471942.397,1727311.426,2356924.698,3704388.022,2750750.713,2215506.123,2483335.593,2437192.189,2852514.593,1918299.057,2647174.141,3521579.204,1685135.443,3145952.1,3810012.036,2548747.439,1722573.984,2184461.578,2411949.393,2175921.995,2855350.722,2395485.627,2311181.221,2324239.526,2946956.884,2176249.936,2662609.167,2007910.642,2175271.269,2279559.497,3269891.782,3371295.616,2418701.221,1706178.718,2909895.062,2761120.512,2186471.235,2941837.207,2633401.215,2298891.69,2638785.329,1891139.356,2756619.276,2344041.578,2085735.052,2881160.932,1978141.491,1050478.204,2447572.128,2617866.774,2055914.712,2387734.224,2896970.913,2463757.236,2925402.72,2875517.301,2188996.817,1205061.407,3213807.658,2308357.26,2492542.409,2579811.075,2889305.909,2368301.895,3124448.012,2889041.53,2848214.271,2167077.584,3228791.33,2617697.446,2426743.989,2550372.635
Stearic acid,3091010.739,3030880.872,3284154.86,3285536.046,3019080.922,2539470.853,3064101.719,3754465.976,3495541.554,2879636.845,3239777.712,3637807.921,3103858.336,3194315.656,2793816.711,2662841.064,2956517.347,4110093.485,3898049.414,3066640.688,3862368.158,3943595.296,3114325.982,3128796.737,4105941.7,3459447.951,3452378.362,3192758.413,3370247.63,3076632.081,2469977.316,2770121.345,3140799.724,2691154.747,4298271.848,2767009.09,3026857.402,2668288.342,3605604.548,2950632.678,2619061.235,2945025.224,2775541.076,3110817.304,2665641.734,3519118.115,3956697.837,2772143.365,2877055.724,2728301.827,3761042.044,2754902.277,2679961.317,2964320.662,3842890.654,3276036.859,2961715.955,2782456.721,2579479.52,2633417.728,4323471.526,2616937.377,3116559.126,3485261.962,2795454.622,2616592.188,3077439.521,2539780.796,2899989.105,2806494.303,2999062.775,2694607.821,2430843.919,3047570.007,3327858.399,3178598.542,3101797.922,2443867.286,1285525.522,2882405.983,3179735.77,3735707.39,3135944.096,2355982.548,3469884.827,3252921.508,2940710.319,3067777.967,3778858.03,2742788.532,3268306.566,2646138.046,3815947.432,2957772.149,3620223.127,3117124.803,3098479.184,3156911.631,2661725.606,2730350.646,2237155.932,3026677.142,3425097.498,3040038.743,2813975.164,3653226.916,3349278.871,1856988.955,2582809.941,2971446.916,3811188.715,2005192.494,3911737.646,3025673.522,3304875.42,3387032.993,3022463.195,3801198.655,3371185.773,2851760.774,4254861.708,1988446.874,3031761.47,3466270.069,3653433.666,2829800.102,3105768.251,3009108.942,2441498.245,2870197.326,3930521.016,3478077.36,3333374.507,3257145.819,3226804.661,3235574.8
Glycine,4482038.355,3152750.322,3871459.685,3569829.127,3122443.503,1785228.397,2727734.132,3926363.809,2358922.606,2784236.126,2710127.157,2564057.496,2804123.736,3695155.27,3242907.393,3981714.065,3336440.584,3551625.659,3157870.263,3076990.716,3216513.232,2191521.093,4110427.649,4328565.053,3404234.75,2917825.99,2676362.957,3279817.823,3056271.186,3943589.728,4283461.125,2408211.836,2890527.923,3030385.181,3693109.397,2777344.248,3620149.408,2770018.719,1840199.37,2354224.21,2932447.513,3017687.106,3112369.599,2714925.066,2948531.248,3098317.198,4251811.149,2410209.09,2458457.831,2756395.407,2897873.901,3436279.801,2686648.58,2801884.521,3748807.527,3184601.565,3819864.143,5458461.743,3359648.074,2565646.263,2538648.899,3844061.973,1988617.129,2968044.157,2597208.215,38798.54125,2773913.972,2359218.45,3053381.919,2731241.272,2241817.054,2151716.996,1929350.851,2112559.121,2684114.207,2547149.397,1450362.117,2979968.619,3246821.57,2906275.125,1497896.167,2329961.19,2709075.449,2441193.723,394066.8242,2550747.781,2407986.826,3388929.601,2622202.654,3350172.432,2372667.08,3213729.971,2469212.492,3229532.631,2913345.124,2423831.417,2903560.314,1597289.459,3710097.743,2065706.135,3049684.663,2131594.2,2333991.417,2126765.436,2533036.688,2102589.817,619189.5301,2576692.534,1839611.652,2813370.839,3091700.648,999449.0887,281044.0682,2825700.05,1987828.559,2652752.655,2317899.902,2831844.596,1321354.377,2890140.587,1769368.637,2992858.572,2305103.246,1206192.421,2780327.212,3025473.503,2942829.157,2707010.175,2964004.002,2466842.003,2572190.375,1988017.758,2982798.866,1869350.534,2626208.539,2557185.295
"1,5-Sorbitan",4739560.302,4127240.112,6084708.196,4362209.315,4963331.164,4965953.398,5257514.964,7092325.274,3190490.013,2255943.678,4098077.616,4098717.82,5029004.189,3476851.989,4763978.584,4838932.155,5039551.659,6002996.737,4804296.641,6712306.183,3295756.579,1823900.898,5988574.176,5711604.467,6091787.407,3925802.444,3337112.13,5561530.685,5933356.845,5665127.954,3880818.369,4767307.349,4841186.903,4205541.635,4517504.354,3382355.053,4414233.196,4048067.56,4758673.532,7344830.273,7495333.505,5987607.146,6226108.242,4445900.421,4513529.165,4179078.529,4045701.435,4385735.843,3464173.587,5990627.125,7945152.726,5940749.005,4345001.526,8963604.259,4395819.03,3371130.116,6859599.756,6660917.247,6643474.235,6838010.5,2049097.763,4750303.882,6023302.704,6337473.758,4456828.952,1239303.163,5834630.948,1065407.989,4893287.156,9194937.593,3801950.72,376316.0525,2534645.46,6296657.193,4197777.54,4901816.395,3992725.968,3105592.984,4130570.582,5600372.637,2584679.165,6439452.003,2958272.686,1751078.568,6200389.056,4960669.904,1247776.618,3636426.767,4734078.527,2427082.259,5489513.568,2820933.049,5524826.762,4766940.285,3845688.207,3650925.728,4298189.271,2462859.73,13552046.85,3774034.731,878096.9669,3885769.668,6367264.526,3715911.853,3994136.136,2559926.439,5167760.079,4380798.591,4508815.065,6097351.89,3676999.214,2100328.223,3255551.662,5399256.717,772186.7892,4738749.786,5512424.879,3517385.149,4858401.033,4891459.781,4692729.569,2728345.379,3307671.768,5186764.798,1094613.825,3714516.914,3574510.166,3369196.212,4883145.32,5105953.26,4576996.702,3653851.538,5963123.39,6988211.422,3391558.624,5076300.021
Valine,3929966.931,4525535.078,5004860.312,3865809.046,3215214.427,3709909.289,3884274.304,5634268.855,4726483.968,3740549.788,4939825.396,4493297.658,4591655.226,3656706.66,4259564.128,3593312.952,4235657.814,4884239.785,4857206.213,3756175.491,3938821.253,4716138.058,4458961.523,3453370.271,3967193.045,3813440.303,4110704.443,3098122.663,4444334.289,3815566.051,3735917.179,3604831.83,4307383.945,2996336.396,3909245.355,3522743.334,3888610.844,3343926.471,3380146.3,647898.6607,3973364.205,3259827.029,3767247.801,2922866.041,4348128.355,4776747.018,5032959.957,3865711.924,4077435.834,4544353.545,3998173.26,3445458.093,3911979.641,4099604.899,4638585.118,4661835.413,4324483.892,7036983.944,599042.1073,4904443.859,5723195.315,3565876.554,572273.6903,3494900.593,3932939.665,3024996.62,3054400.379,4076534.338,4154824.094,3302835.263,4137454.225,102705.5695,3201563.637,2837173.943,4113490.518,4463969.38,5276973.232,9159058.771,5723635.738,4232297.877,2203240.27,4738795.152,4380430.302,3106874.858,4492544.351,3652041.258,2137257.925,3577989.846,4734488.363,4231278.334,558648.4889,1552271.769,5419348.55,3208306.513,4138251.521,3476553.004,3067809.008,5856427.067,3661310.672,1619509.972,3010930.06,1577186.168,4639817.875,2996644.078,3278207.363,3543970.402,4412402.368,3283741.262,3867206.07,4403386.551,2780813.545,1858134.663,4109391.729,3347379.416,3922153.487,3416723.146,4354079.163,3414843.801,4080125.22,3980084.252,4132594.705,2051537.274,5244542.312,1517562.202,4875568.686,3387192.99,3496085.321,2856904.36,3803574.803,3616725.329,3695137.579,4184593.867,4334223.282,3777292.861,3803724.589,4016295.885
Oleic acid,3764630.864,4593269.295,3722097.71,5570956.84,5031559.86,4618722.83,3918000.521,4255065.77,4444757.21,4033764.824,3587879.407,3133841.467,4153595.919,4441890.567,2295599.516,2827289.322,2728211.969,8164232.443,3841153.686,3309300.22,8368369.027,7019974.84,3036320.25,3181706.775,11543389.78,5055046.492,4111597.249,4455058.849,5029100.403,2859118.742,2322375.385,3840084.957,4021145.034,4143006.269,5271141.916,5289865.289,4101218.808,5001368.409,6951784.82,4436310.109,2986912.846,5562133.568,2869370.012,4541606.432,2471983.746,4316115.161,5244109.483,4356614.534,5445921.248,2493384.468,5101635.36,4835010.758,3443595.117,4387561.125,5410795.156,5534303.688,3773809.723,2462798.581,2303466.189,3119015.213,5332775.326,3930394.826,6649767.981,7899818.472,2543001.602,2423187.313,4197945.429,2880092.321,3620681.734,5836503.639,4101711.234,4358004.194,3383923.979,4021333.6,6669635.74,3256437.685,5717337.635,4071587.239,2071994.228,5031239.051,4835864.628,4064555.428,4145107.729,6795737.337,3452726.965,3805858.73,7330803.424,4332222.022,5447172.593,2185567.821,4565930.817,3606106.339,4606745.324,4795322.924,8711222.872,3768323.068,3507859.283,5100559.032,4042626.471,3318518.379,3293564.195,4989497.721,4574027.852,3704598.416,3155381.585,7309484.072,3616827.538,5173655.648,3768566.855,6284786.995,6545528.285,1793687.846,5944079.038,4442879.562,2673710.038,5233112.467,4512012.16,6268301.381,4062843.284,3653473.435,6366449.94,3761410.518,4687958.025,7483660.413,5442789.666,3023211.928,4086906.815,3029974.326,2870495.03,2776679.461,8238420.987,5223175.151,4068341.307,3640871.886,4123119.755,3235901.083
Alanine,5944407.771,4764619.144,6626538.795,5542385.201,5321662.432,5500177.431,6761539.675,8110022.181,1408945.055,8358405.824,8823972.047,52131.91039,6846998.708,5592794.382,5694145.659,6834090.095,7100860.286,5600077.583,7330628.352,5734867.872,4135454.342,6146475.485,7479534.745,5581812.233,4393497.355,4073491.975,5707405.984,5014530.777,7592170.022,6330021.217,5887094.693,4410625.661,5706908.399,5125945.753,6056010.98,6518355.852,6120585.657,3965579.737,4720571.889,7905791.383,6842505.509,5350389.126,7836634.351,6162278.253,7133479.876,6248315.646,6798572.191,6317858.283,3728115.203,7350755.468,6218667.27,5140721.599,7859043.863,291363.9288,7184241.238,6271155.689,8177366.955,9431011.693,8841452.159,8243036.521,7937899.511,5317616.037,4043043.63,2895202.123,6879430.046,8083093.913,3730070.915,9299676.776,6027120.276,5302059.158,6873238.75,6435073.586,4465932.521,5817018.275,5928440.642,6955033.591,2938833.602,5100227.251,4989242.596,7403687.758,2823181.785,6074121.87,7327311.039,2984621.537,8488374.246,6817771.69,4590661.407,5377954.595,7766846.538,7797362.584,5015229.347,9246692.849,4898032.112,4389364.002,3537342.813,3541198.815,6315783.776,2973036.336,9195750.834,4148555.205,4937408.876,3488690.103,7329772.093,3948096.65,5958051.505,4262000.345,6788150.744,3705906.945,5713105.157,5962382.022,4893043.046,4026661.099,6817413.227,5208090.728,4202122.065,4760752.519,7144018.512,5580671.516,4608201.689,6952030.762,5850190.222,3213940.754,6255451.25,3866382.758,8219452.647,6643673.823,5732462.879,6026420.166,7565015.377,5851341.815,6982378.897,5172618.519,7968089.973,5473764.096,6528736.234,6657391.484
Linoleic acid,4565828.079,4914907.682,4478486.685,5096183.258,2825701.405,636341.6808,3515486.675,3752859.574,4157460.462,3305745.469,4372378.955,4038466.31,3961297.852,3033782.612,661266.465,3187005.587,3293687.779,5995305.28,5239513.617,4011135.271,6384549.528,3013631.255,4730037.91,4028736.567,6448757.335,4997377.782,4062385.593,461718.953,6040676.996,4538910.394,936436.1799,438832.3659,3600837.931,2637270.354,3826074.757,3144542.685,495650.4314,3333711.373,839324.4423,4557861.279,2395270.792,5170067.53,3612547.013,3075904.713,3032671.727,3514556.823,4289421.816,3606967.461,4210790.76,2786283.082,5269020.701,4365450.764,3368202.216,3368086.818,3224629.208,5304829.471,4068187.896,3595516.424,3192772.339,1143402.987,4041441.425,4162198.753,1409664.558,6058771.597,976880.7638,355539.7156,671885.882,1760026.667,3139410.339,883642.3591,3507793.473,3219427.72,443602.7127,3272571.943,5546850.16,4282813.31,2542087.399,2779534.086,1447401.198,3037275.136,989095.9989,4775538.066,3340551.1,4154190.828,3525069.112,4963683.372,3937338.952,2087979.004,4708914.203,2564351.434,945906.1896,263891.9422,4381676.797,4101953.003,4735027.349,578901.5669,1327525.403,397636.0189,3064404.085,3955232.705,3008523.683,1049105.549,3148532.62,1535108.289,3845477.908,4902179.934,6955620.828,2199180.858,4448278.858,4973369.125,1269979.849,2079746.709,5767564.511,3831600.385,4367242.828,2820598.623,500337.7466,2758929.031,1058544.852,572448.0925,1085833.983,2533503.031,4255937.252,6578327.35,5887950.34,2940251.011,3794863.254,2465560.762,3320049.744,3765097.601,5609104.895,4117793.593,5486259.767,3898639.845,3612839.469,3008928.243
Pyroglutamic acid,6199624.752,6370673.471,7600127.917,7553700.136,6351712.865,5013798.292,6012360.553,6865945.723,5657603.869,6359008.48,6196589.816,5216902.383,5848413.976,5655271.356,6654266.713,6132758.753,5824057.11,6972601.635,7082185.474,7588667.516,6961669.959,5191693.933,7383986.404,5177358.177,6437876.29,3172391.606,5202432.84,5563265.94,6530584.361,6878509.493,6051660.317,5747301.36,5446706.627,6043793.917,7169189.116,4931669.745,6877258.01,5411798.631,4452121.415,2445281.96,5198024.557,6419467.161,7117097.643,5561464.383,6236619.368,7325350.259,5919935.483,5215647.999,6015281.012,5933723.92,5617905.176,6116987.285,5966362.299,7468999.046,5936761.991,6079994.186,7605214.266,8617133.384,6339690.113,6276061.761,6971052.474,6010395.068,1981587.409,5184092.435,5430321.093,6397065.334,1430858.324,7133156.371,5302794.832,5096583.862,2569676.64,5123151.889,4750225.367,4593488.745,6211323.521,6286541.711,3211101.837,5717973.585,5347423.296,5384525.858,4401020.165,5982060.289,5409134.48,4700441.718,6519132.573,5270939.633,5702226.882,6499410.307,6105469.26,5869749.322,6094272.291,6132243.043,6093589.545,6997431.554,5795327.224,4800555.953,5301359.614,4646017.378,6842029.083,5465275.662,7019804.424,5341451.537,5350036.487,4198204.269,6088122.583,5003532.392,6449679.647,4517881.794,4556593.842,6212759.458,4028978.082,2408074.746,4791391.972,5539033.772,4218325.78,5316125.822,6201198.346,5061243.286,5966005.391,5475471.869,5575981.29,3383746.929,5477478.679,6133682.913,5368184.522,5657779.192,5862207.108,4736947.952,5080891.573,5650041.435,6261209.386,3912518.402,5509137.297,5833035.647,5715937.276,6222876.949
Palmitic acid,7084189.746,7455703.592,6498668.215,8062151.903,7352426.123,6624320.922,6455600.101,7453690.257,8886228.988,7310210.022,7521086.336,7697858.631,7984115.698,7236544.492,5225596.933,5556303.411,5608184.331,11208112.89,8143659.205,6008262.763,10742120.19,10726657.89,5888367.779,6158147.26,13597002.34,8514631.707,7660797.5,8540011.713,8136118.47,6779134.234,5203826.862,5866016.806,6222508.507,6099795.746,8355296.709,6621653.155,6640779.845,5722477.389,9764744.406,7079782.309,5320755.03,7317267.824,5640283.605,7213143.747,4897132.267,7059150.202,8790718.943,7111528.629,6489981.628,4806614.797,8208631.185,6964141.432,6003669.105,6195965.279,8469746.527,7985157.757,6767975.527,6043330.768,5477231.938,5163483.291,8604177.268,6309409.201,7992857.274,8125915.02,5443931.133,5735049.756,7151178.268,5876809.199,7892955.369,6339391.979,7424146.535,6658283.935,300595.3392,6239703.444,8567670.885,6441247.21,7998850.971,6357012.901,3193986.18,7129112.491,6293228.506,3544918.082,6103979.722,7178371.453,6675791.272,7534982.732,6280616.676,6256118.864,7831185.136,5241299.771,8086905.945,6278269.214,8681749.196,6664213.889,8800779.156,6642497.36,6696263.691,7474459.542,5023057.954,6040975.181,4623152.623,6851841.323,7871369.59,6218019.286,5985678.073,7914231.783,7426388.92,6227196.455,6838156.417,7920487.203,10045651.67,4016437.672,9442260.969,6952097.326,6978242.441,7197465.67,7879757.453,8210177.453,7604157.168,5816652.428,10103474.12,5056179.868,7027660.649,8643282.999,8875132.019,5619817.692,6081877.576,5208502.329,5700314.203,6506038.309,9236902.401,8171988.068,8034591.049,6133088.278,6678684.441,6885310.338
Cholesterol ,7997644.841,10333020.89,10842765.42,8169514.854,8499746.748,10621166.84,10149312.41,14735025.12,9240046.409,8849491.288,9958902.05,16643377.26,11788423.89,6772252.094,11450161.29,9783001.967,7447621.251,7312894.34,10156187.38,11189982.58,7090250.52,10672707.6,9102846.533,7712274.437,9163161.378,12774371.59,8816800.335,9350709.664,8939967.035,9126573.874,8819911.448,10490551.24,13732189.37,9509715.08,10999163.41,8729821.776,9262404.741,11264165.46,11515897.39,9447424.469,8969399.175,10205406.48,7206384.25,8042576.72,10594242.85,11238128.2,13725599.62,12271678.43,10681468.41,11628570.24,11097311.84,9240080.267,9664158.777,8924628.333,11294546.52,8060552.978,6660598.007,7310454.481,7251016.313,8960021.226,11336733.03,7715227.675,10806296.14,7528393.059,9188389.742,10897739.78,6885482.373,14368516.01,6338006.717,9437487.821,8972512.166,9241826.197,8324419.882,9957483.872,12646644.34,8552219.856,7213708.448,6003304.844,7905707.122,7997049.737,12101829.23,10222301.65,9225393.689,7238133.109,10332613.27,9579511.398,11660703.76,8021142.645,10974765.35,8792374.573,10758799.76,6950339.248,15323980.17,8503984.222,8063636.353,9344327.623,10362977.84,7825519.43,8846445.238,11414294.96,7785839.062,7406432.316,12953709.24,9409815.322,8155624.149,8552741.869,6475676.317,9666307.598,10152901.84,10357460.41,11205721.6,5479406.606,14289625.02,7215886.976,7927263.973,8618235.938,9203610.524,10355048.06,8967106.054,8419778.617,8657234.371,5834941.615,7501213.67,7438188.125,10395222.07,9314412.016,8223713.497,8740411.036,8128233.408,7533444.392,8408292.954,10145616.17,12482735.9,11525263.39,12453207.82,10445384.13
Oxalic acid,16116327.13,14476916.65,5114205.046,14238548.3,13966171.67,15219331.48,15203455.18,17191921.21,13870539.7,13925087.93,515799.7105,17665030.84,14433456.99,4040400.004,15892.05145,16922510.09,15729619.35,17439879.71,17124577.11,16197513.76,5769362.24,440123.963,14255783.31,14052586.44,12833207.6,14563183.55,11765986.64,2142393.366,15971209.88,4086109.466,583515.3853,9840984.246,4646750.683,4071469.716,14190304.26,513887.4767,13805801.22,16609595.44,10589389.01,9480447.804,4986988.342,12015735.37,14555340.92,13259379.26,12930372.38,13625822.93,766920.2559,13274608,12694549.78,446828.0706,15765373.57,4342342.133,12441426.34,4367918.975,467316.4092,14184575.61,15023960.07,14353078.49,528184.4069,14014608.31,5424487.635,13748604.77,17033238.22,2334287.226,15801967.64,11556038.87,12933808.37,17035048.17,11658120.6,11800849.73,545261.8851,10981658.57,14610227.81,12532227.14,340354.1623,424349.6577,457847.4521,13634860.46,10724570.15,13751197.71,9644962.231,16598729.26,4759495.427,12790436.25,18720326.45,5083044.909,24021.45956,775813.9257,14967532.32,13134921.64,11413131.48,9361135.049,667256.9096,13867287.57,19463017.75,515474.8568,10364269.05,13394967.02,4344462.428,12258683.29,477415.4545,9791925.842,12508451.21,497264.5203,10498555.23,17520847.41,3985717.917,12907028.67,10573294.82,11061538.94,15402564.11,1934458.197,8602323.116,13487521.63,5048042.322,403991.7939,14851190.38,12482195.84,15355869.04,437820.7491,9981016.543,3107564.493,5369857.945,7718943.086,16814132.1,12118043.71,453144.7931,9284529.35,13103259.55,12830671.76,565500.4574,14828364.26,15325401.15,17073363.17,10752496.28,10384137.8
Mannose,20766538.67,17665050.61,20510114.62,15022057.49,17771213.72,17609513.31,15677191.29,28686108.97,20325514.54,18109445.6,13879871.25,23487141.04,19045102.22,17516467.75,27091388.22,10847787.08,12988918.61,9264511.716,7548034.711,18866885.92,12412978.57,26959570.19,17559384.17,19390324.17,15292629.4,20076700.19,15182649.12,15070920.21,19610843.09,10603104.26,14597975.22,14445802,20414282.22,20677681.35,13636061.79,16250581.01,17733247.28,13449464.56,12134527.95,18705238.13,11089338.53,16778719.89,22271539.71,19787277.16,13598926.18,15177510.07,14080645.84,12831516.13,14888669.75,9905660.296,14648944.68,13222214.22,14136497.25,16267598.79,12310786.14,17166148.27,21091588.42,21515952.9,22466391.93,957349.2676,24198139.87,11616707.38,10244714.34,9289936.229,9879496.654,9502652.126,6933723.464,20609268.34,8678230.201,6761821.252,13993383.91,34309575.97,10380774.11,9776152.118,20400995.4,15298469.13,2846434.744,11047921.42,9874927.604,10480174.99,8646813.818,8035867.967,19985149.59,14474476.47,20076076.34,17541245.27,40280682.16,12036367.56,24135577.1,14448987.49,12039863.77,10770977.7,15537284.73,18468556.14,10805645.07,5068493.435,13550004.94,13015324.83,11110369.19,11951114.51,1177703.78,10830798.91,9053177.542,10925742.04,10725326.98,10622432.46,11894263.93,9177447.241,5858000.985,7309531.147,11850925.15,3180818.074,14033121.86,13796983.08,62469959.89,8692611.363,7214359.715,8228993.466,11215530.89,12092562.01,12647287.1,5779929.86,10433429.75,14906953.78,41495323.73,15901273.11,12986709,15174428.06,17808003.54,12027613.32,12823548.81,9783162.746,13079658.19,9240357.22,13311714.24,22388166.24
Urea,4622025.297,35129223.22,35389201.34,8982058.856,7045307.342,20252456.8,7616409.652,9429300.093,8248349.298,11057089.19,10129514.12,38787398.44,7580230.068,8500894.419,7749458.085,485774.5155,11443266.54,13943836.85,8770210.519,8171411.996,31162744.25,44729751.62,7887310.057,42698600.76,8832080.435,13896462.46,29290790.63,8702960.961,20012328.67,985425.221,26828941.24,30516936.47,18831552.57,38265398.69,8561089.495,5491912.961,8083958.873,11888892.53,22865201.71,39657218.87,20664430.11,22857763.69,30575954.19,28018924.57,40983257.63,38544955.39,5240049.446,31791788.12,912952.3444,31189841.07,13883902.38,218385.118,29010259.24,34713187.33,16862863.58,11111386.17,9560152.224,32524990.66,531884.8357,13651811.73,426084.7924,10242141.84,35252001.71,3413605.722,8782665.993,22305249.84,16408701.27,10356202.2,11835254.72,18749026.64,23776204.59,62728258.02,7950684.107,23177566.33,39319679.08,37968143.45,36425864.75,6474778.366,53617661.46,26942288.54,32638146.74,12510510.86,69656431.69,63076937.64,10488624.9,8904203.665,14642470.14,8264328.419,22181.48844,31201163.92,7116013.981,21958016.94,35516208.76,15789169.4,3827873.602,154349.4327,31437580.19,152705.9158,5424832.397,32905919.53,50086808.21,33821919.78,40750576.84,30267850.46,23556757.03,16007974.27,147508.8686,8225904.97,28526255.65,43131332.61,36054785.62,20696441.87,28814323.35,6898367.096,42244266.78,38385555.65,37415008.32,45995933.55,108777.5126,29117026.44,44075328.9,27541944.8,10384707.27,74198.49835,10478316.34,26316757.84,48989633.57,17497236.47,9624571.644,154352.8095,10092163.82,10044045.86,9590709.452,11964827.98,23683859.88,28654410.92
Glucose,116064466.7,97424706.54,114661776.5,85879625.49,97976183.26,91375990.4,87653179.45,151209115.8,108942478.3,99917268.86,82623249.9,126003008.2,107266433.9,96277680,144829309.8,1398251.208,76718125.31,1205803.5,1412887.71,107193187.7,1576997.756,138663514.5,97998875.62,107875576.2,82722853.05,109830358.2,81772353.49,87604551.71,106725502.3,1309696.022,84064086.12,80095979.41,2070249.856,110446727.4,79616825.51,89875586.65,99004337.94,1895574.813,71162871.3,100517302.4,1481398.223,91423312.15,121021962.4,116503353.4,80235971.36,87854104.73,81207855.4,74944153.12,87046203.01,62892275.77,86817624.73,1227162.929,83472442.53,2195009.71,1513138.087,94997539.19,114870335.9,112631660.1,124397416.5,160219554.3,131220276.9,69032728.78,59847192.69,5168577.173,60127574.12,55962116.42,42751271.69,122631502.8,1438979.287,40879983.2,79251287.62,176712791.6,62715110.21,1349901.276,105412436.5,89064197.07,17465253.25,63822322.67,1302833.136,1559696.529,50758583.64,1344902.469,105548890.8,82798859.57,109163000.2,96809508.76,197209265.6,68118641.25,127748753.6,80989868.53,71327623.59,65074467.16,2030872.005,101559227.9,67138214.24,25943430.13,77461716.5,76565211.53,1596297.484,1772634.502,174788852.3,66990114.07,1267415.314,68297515.17,1378123.025,1590796.843,1418761.696,1504144.501,880609.3154,1083096.907,65994117.58,19615709.44,75050868.12,78098301.42,289982425.5,1401403.157,45758468.23,1750060.164,63834605.96,74239820.94,72458806.48,833031.3412,1370839.979,1964605.934,213784792.4,88717163.62,75816206.37,81406280.09,97904829.97,70359261.73,77757303.01,1488427.974,1605152.441,9896825.761,73708960.1,112268076.5
